proponent_id,project_id,rating
1,1119,1
1,300,0
1,11,1
1,1121,-1
1,937,1
1,634,1
1,949,0
1,484,-1
2,735,0
2,1230,0
2,1147,-1
2,127,0
3,1130,-1
3,1336,-1
3,500,1
3,1122,1
3,529,-1
3,1004,0
4,539,0
4,511,1
4,1024,1
4,1007,0
4,507,-1
4,148,1
4,846,-1
4,127,0
4,390,0
4,1137,-1
5,1033,1
5,1256,0
5,1158,-1
5,132,1
5,42,-1
5,1089,1
5,276,-1
5,26,0
5,265,0
5,1359,-1
5,223,-1
6,1313,1
6,742,1
6,588,1
6,464,1
6,615,1
6,1142,1
6,1272,1
6,1145,0
6,44,-1
6,488,-1
7,799,0
7,287,1
7,1401,1
7,1024,1
7,761,0
7,894,-1
8,872,1
8,702,1
8,394,1
8,22,0
8,234,-1
8,1104,0
8,354,1
8,547,-1
8,101,-1
9,1367,-1
9,817,-1
9,1097,-1
9,679,1
9,338,-1
9,902,1
9,637,1
9,313,1
10,309,-1
10,260,-1
10,224,-1
10,414,1
10,1188,-1
10,1372,-1
10,470,1
10,1100,0
10,1205,1
11,11,1
11,789,0
11,1169,1
11,957,-1
11,490,-1
11,1353,-1
12,781,1
12,1064,1
12,104,1
12,1105,1
13,921,1
13,455,-1
13,800,1
13,323,-1
13,524,-1
13,449,1
13,882,1
13,169,1
13,720,0
13,914,-1
14,109,-1
14,1413,-1
14,966,0
14,412,-1
14,625,0
14,952,-1
14,1349,-1
15,10,-1
15,76,0
15,165,-1
15,1007,0
15,1109,-1
15,232,-1
15,1408,0
15,851,1
15,1336,-1
15,157,1
15,1062,0
16,63,-1
16,1091,0
16,865,1
16,382,-1
16,246,1
16,842,-1
17,843,0
17,1272,1
17,600,-1
17,1201,1
17,251,1
17,851,1
18,1181,-1
18,281,1
18,749,-1
18,1416,1
18,1257,1
18,604,1
18,21,1
18,592,1
19,897,1
19,251,1
19,852,1
19,1133,1
19,1221,-1
19,41,1
20,164,1
20,431,-1
20,847,1
20,698,-1
20,617,1
21,191,1
21,889,-1
21,506,-1
21,779,-1
21,1038,0
21,556,-1
21,677,1
21,1173,0
22,516,1
22,1060,-1
22,769,-1
22,8,-1
22,184,1
22,888,-1
22,114,1
22,752,-1
22,569,1
23,1300,0
23,840,-1
23,206,-1
23,763,-1
23,725,1
23,189,0
23,714,-1
23,767,-1
23,600,-1
24,908,1
24,374,1
24,529,-1
24,1411,1
24,551,1
24,730,-1
24,1235,1
24,51,1
24,131,1
24,1344,-1
25,648,-1
25,1366,-1
25,230,-1
25,716,-1
25,49,1
25,47,1
26,1274,-1
26,617,1
26,986,1
26,68,1
26,1359,-1
27,968,1
27,171,-1
27,983,1
27,1343,-1
27,1241,-1
27,757,1
27,2,-1
27,956,0
27,579,-1
27,617,1
28,124,1
28,1116,1
28,1195,-1
29,1335,-1
29,159,1
29,1020,1
29,581,1
29,748,0
29,1303,1
29,157,1
29,656,0
30,1109,-1
30,835,1
30,933,-1
30,966,0
30,299,1
30,451,-1
30,145,1
30,1045,-1
31,981,1
31,1335,-1
31,884,-1
31,287,1
32,481,1
32,1185,-1
32,108,0
32,1043,1
32,782,1
32,628,0
32,760,0
33,239,-1
33,647,1
33,724,1
33,1298,1
34,910,0
34,60,1
34,7,-1
34,776,-1
34,276,-1
35,742,1
35,972,1
35,161,1
35,13,1
35,1090,1
36,269,-1
36,646,-1
36,1079,0
36,1415,1
36,1288,0
36,972,1
36,1010,1
36,908,1
36,426,1
36,743,1
37,668,-1
37,677,1
37,140,1
37,266,-1
37,618,-1
38,520,1
38,529,1
38,281,1
38,1025,1
38,1186,0
38,190,-1
38,1206,0
39,430,1
39,932,1
39,979,-1
39,45,1
39,474,1
39,53,-1
39,366,0
40,813,1
40,885,1
40,493,1
40,610,0
40,982,-1
40,1201,1
40,1296,1
40,717,-1
40,1383,1
40,325,1
41,399,-1
41,1217,1
41,923,-1
41,889,-1
41,1085,-1
41,733,1
42,824,1
42,1042,-1
43,723,-1
43,315,-1
43,1047,1
43,312,0
43,1065,-1
43,421,1
43,720,0
43,652,-1
44,266,-1
44,1049,-1
44,91,-1
44,982,-1
44,811,0
44,430,1
45,395,1
45,867,-1
45,652,-1
45,62,1
45,691,-1
45,235,1
46,178,1
46,725,1
46,122,1
46,508,-1
46,787,-1
46,1323,0
46,1200,1
47,1407,-1
47,625,0
47,615,1
47,520,1
47,1300,0
48,320,1
48,1009,1
48,1011,-1
48,1041,-1
49,1305,1
49,1051,1
49,1410,1
49,1006,0
49,433,0
49,1016,-1
49,844,1
49,1008,0
49,747,-1
49,76,0
50,391,-1
50,412,-1
50,1242,1
50,1045,-1
50,1035,0
51,105,-1
51,1003,0
51,1244,0
51,807,0
51,823,0
51,819,1
51,678,-1
51,1110,1
51,517,-1
52,1053,-1
52,1233,-1
52,730,1
53,767,-1
53,524,1
53,1037,-1
53,1119,1
53,402,1
53,961,-1
53,804,-1
53,922,1
53,1101,-1
54,1248,1
54,448,-1
54,1128,1
54,1241,-1
55,65,-1
55,1269,-1
55,567,1
55,400,1
55,1236,1
55,1039,0
56,845,1
56,404,0
56,1193,1
56,1101,-1
56,442,-1
56,1271,-1
56,56,1
56,1359,-1
57,44,-1
57,922,1
57,106,-1
57,519,1
57,733,1
57,1211,1
58,22,0
58,328,-1
58,861,-1
58,180,0
58,822,1
58,1037,-1
58,862,-1
58,193,-1
59,768,1
59,1159,0
59,539,0
59,573,1
59,1403,1
59,338,-1
59,1326,1
60,772,0
60,512,-1
60,327,0
60,950,1
61,1283,1
61,29,1
61,430,1
61,543,1
61,297,0
61,1373,1
62,1074,1
62,1252,1
62,1040,1
62,15,0
62,581,1
62,791,-1
62,856,-1
63,400,1
63,646,-1
63,289,1
63,1037,-1
63,973,-1
63,710,-1
63,663,0
64,321,1
64,1314,1
64,877,0
64,186,1
64,979,-1
64,230,-1
65,758,-1
65,442,-1
65,1398,-1
65,1086,0
65,986,1
66,632,1
66,879,1
66,765,1
66,52,1
66,320,0
66,1095,-1
66,134,1
66,1208,1
66,1252,1
67,992,1
67,1173,0
67,537,1
67,586,0
67,95,-1
67,1159,0
68,382,-1
68,1264,-1
68,1295,1
68,153,1
69,909,-1
69,1321,1
69,793,-1
69,1408,0
69,424,1
69,818,-1
69,687,0
69,657,1
69,1116,1
70,501,1
70,1371,0
70,1309,-1
70,771,-1
70,6,1
70,925,1
70,580,1
71,663,0
71,1137,-1
71,465,1
71,1168,-1
71,649,1
71,892,-1
71,446,-1
71,42,-1
72,449,1
72,466,1
72,403,0
72,725,1
72,804,-1
72,235,1
72,588,1
72,225,0
72,297,0
73,389,-1
73,1009,1
73,1052,1
73,857,1
73,1065,-1
73,1251,-1
73,149,1
73,892,-1
74,1379,-1
74,616,-1
74,1255,0
74,274,1
74,830,-1
74,1424,-1
74,948,1
75,299,1
75,709,0
75,952,1
75,949,0
75,327,0
75,701,1
75,1098,1
75,1314,1
75,879,1
76,715,-1
76,748,0
76,744,-1
76,756,-1
76,334,0
76,735,0
76,37,1
76,693,0
77,679,1
77,233,1
77,837,1
77,1355,1
77,657,1
78,1203,0
78,1402,0
78,615,1
78,93,1
78,937,1
79,132,1
79,1113,0
79,616,-1
79,1394,1
79,362,-1
79,54,1
80,1306,-1
80,135,0
80,566,1
80,271,1
80,841,0
80,873,0
80,1221,-1
81,715,-1
81,94,1
81,814,-1
81,1059,-1
81,711,-1
82,1012,0
82,1066,0
82,1053,-1
82,504,-1
82,1194,0
82,1306,-1
82,767,-1
82,185,-1
82,1055,1
82,448,-1
83,545,-1
83,1176,-1
83,859,0
83,1304,0
83,237,1
83,279,1
83,485,-1
83,1164,-1
83,1064,-1
83,1044,0
84,811,0
84,794,0
84,181,-1
84,228,-1
84,683,-1
84,357,1
84,566,1
85,1277,1
85,332,1
85,1008,0
85,786,1
85,429,-1
85,359,-1
86,504,-1
86,976,-1
86,241,1
86,859,1
86,1185,-1
87,1194,0
87,365,1
87,1119,1
87,1116,1
87,1155,0
87,173,1
88,300,0
88,98,0
88,996,0
88,560,-1
88,628,0
88,90,-1
88,315,-1
88,930,0
89,65,-1
89,1252,1
89,878,-1
89,786,0
89,1015,1
89,218,-1
89,1004,0
89,765,1
90,128,-1
90,1100,0
90,310,0
90,987,1
90,1004,0
90,1003,0
90,1176,0
90,1420,1
90,1355,1
91,950,1
91,257,-1
91,332,1
91,19,1
91,447,1
91,794,0
91,1233,-1
92,1061,1
92,751,0
92,9,1
92,1000,1
92,1303,1
93,570,1
93,388,-1
93,813,1
93,590,1
93,493,1
94,951,-1
94,730,-1
94,1016,-1
94,98,0
94,512,-1
95,580,-1
95,641,0
95,624,-1
95,907,-1
95,672,-1
96,412,-1
96,496,-1
96,208,0
96,945,1
96,1058,0
97,1334,-1
97,863,-1
97,799,0
97,734,1
97,185,-1
97,915,-1
98,502,-1
98,1174,1
98,1079,0
98,600,-1
98,523,0
98,485,1
99,976,-1
99,543,1
99,159,1
99,839,1
99,1246,-1
99,1002,0
99,124,1
100,1229,1
100,1335,-1
100,125,-1
100,1091,0
100,1268,-1
100,1216,0
101,712,-1
101,1374,-1
101,1113,0
101,237,1
101,26,0
101,829,1
101,886,-1
101,544,1
101,376,1
102,801,1
102,413,1
102,657,1
103,914,-1
103,349,-1
103,320,0
103,273,1
103,789,0
103,413,1
103,936,-1
103,281,1
103,169,1
104,209,-1
104,639,-1
104,1238,0
104,1314,1
104,1295,1
104,993,-1
105,860,-1
105,217,1
105,786,0
106,584,1
106,1284,-1
106,40,1
106,1115,1
106,1098,1
106,1135,1
106,403,0
106,1267,-1
106,604,1
106,887,-1
107,504,-1
107,832,1
107,1346,0
107,407,1
107,416,1
107,1368,1
107,52,-1
108,465,1
108,1062,0
108,1148,1
108,217,1
108,79,1
109,310,0
109,291,1
109,110,1
109,1148,1
110,377,1
110,175,0
110,97,-1
110,55,-1
110,1295,1
110,1016,-1
110,1241,-1
110,866,1
110,1044,0
111,737,1
111,730,-1
111,792,1
112,1094,0
112,418,1
112,276,-1
112,1183,-1
112,1072,1
112,229,0
112,923,-1
112,795,1
113,391,-1
113,1396,1
113,1227,1
113,1322,-1
113,1398,-1
113,617,1
113,162,1
113,416,-1
113,879,1
114,193,-1
114,107,0
114,1360,0
114,335,1
114,1002,0
115,219,1
115,1199,-1
115,454,0
115,1145,0
115,1244,0
115,156,0
115,1041,-1
115,394,1
116,319,-1
116,555,1
116,526,0
116,967,-1
116,1402,0
116,233,1
116,613,-1
117,823,0
117,1057,0
117,1135,1
117,480,-1
117,882,1
117,51,1
117,122,1
117,381,1
117,939,-1
118,1376,-1
118,1041,-1
118,215,-1
118,1103,1
118,1170,1
118,1422,-1
118,854,0
118,470,1
119,829,1
119,1065,-1
119,88,-1
119,1067,1
119,595,-1
119,934,1
119,212,1
120,1041,-1
120,104,1
120,1391,1
120,596,-1
120,506,-1
121,361,1
121,1283,1
121,48,0
121,12,1
121,476,-1
121,261,1
121,808,-1
121,240,1
121,1262,1
122,524,1
122,357,1
122,1131,0
122,644,0
122,1069,1
122,1178,1
122,1415,1
122,1299,1
123,892,-1
123,975,-1
123,321,1
123,889,-1
123,1415,1
124,1012,0
124,584,1
124,56,1
124,1263,1
125,1362,0
125,140,1
125,855,1
125,1318,0
125,1203,0
125,1257,1
125,1295,1
125,1186,0
126,1175,1
126,642,0
126,446,-1
126,284,-1
127,1412,1
127,1074,1
127,1117,-1
128,577,-1
128,1155,0
128,922,1
128,1333,1
128,1191,1
128,93,1
129,927,-1
129,1377,-1
129,660,1
129,1180,1
129,255,1
129,875,-1
129,108,0
129,342,0
130,453,1
130,592,1
130,949,0
131,139,1
131,906,0
131,1357,1
131,1007,0
131,1408,0
131,850,-1
131,406,1
132,969,1
132,154,1
132,1202,-1
132,463,1
132,436,1
132,155,1
132,1205,-1
133,176,1
133,926,-1
133,1176,0
133,1016,-1
133,1085,-1
133,961,-1
133,333,-1
133,30,1
133,882,1
134,1134,1
134,982,-1
134,15,0
134,950,1
134,1103,1
134,77,0
135,713,0
135,76,0
135,960,1
135,1414,0
135,457,1
135,1338,1
135,424,1
135,314,1
135,1285,-1
135,950,1
136,1108,0
136,731,-1
136,274,1
136,495,0
137,593,1
137,454,0
137,522,1
137,1145,0
137,63,1
137,652,-1
137,81,-1
138,1195,-1
138,1049,-1
138,929,-1
138,1158,1
138,1344,-1
139,1244,0
139,368,0
139,932,1
139,895,-1
139,986,1
139,933,-1
139,896,1
139,1060,-1
140,531,1
140,388,-1
140,1215,-1
140,977,-1
140,957,-1
140,36,1
140,365,1
140,206,-1
140,210,0
141,111,1
141,118,0
141,519,1
141,1420,1
141,665,1
141,787,-1
141,205,-1
142,999,-1
142,803,1
142,125,-1
142,670,1
142,855,1
142,114,1
142,1173,0
143,144,-1
143,1003,0
143,126,-1
143,1409,0
143,49,1
143,1322,-1
143,1419,-1
143,85,-1
143,926,-1
144,342,0
144,488,-1
144,229,0
144,248,0
144,420,1
144,427,1
144,999,-1
144,1404,-1
144,1104,0
145,351,-1
145,1350,1
145,113,1
145,1105,1
145,725,1
145,824,1
145,180,0
145,353,0
146,126,-1
146,1421,1
146,1030,1
146,771,-1
146,976,-1
146,1378,-1
146,347,1
146,303,1
147,296,1
147,237,1
147,902,1
147,457,1
147,1418,1
147,291,1
147,1137,-1
147,130,-1
148,304,1
148,387,1
148,531,1
148,100,1
148,300,0
149,947,-1
149,505,1
149,1170,1
149,1161,-1
149,1117,-1
149,620,0
149,852,1
149,1394,1
149,1104,0
150,1048,-1
150,1240,0
150,330,-1
150,1341,-1
151,436,1
151,750,0
151,196,1
151,632,1
151,271,1
151,991,-1
151,375,1
151,1031,-1
152,1212,1
152,917,1
152,44,-1
152,1042,-1
152,577,-1
152,1278,-1
152,531,1
153,850,-1
153,480,-1
153,398,1
153,790,-1
153,1304,0
153,1394,1
154,34,1
154,1273,1
154,818,-1
154,1039,0
154,1202,-1
154,210,-1
155,1001,1
155,1070,1
155,1365,-1
155,955,0
156,308,-1
156,118,-1
156,653,1
156,1259,-1
157,420,1
157,1166,-1
157,369,-1
157,1181,-1
157,1103,1
158,1266,-1
158,113,1
158,155,1
158,254,0
158,1244,0
158,1170,1
158,782,1
158,145,1
159,738,1
159,308,-1
159,800,1
160,16,1
160,1388,1
160,421,1
160,320,0
160,1419,-1
160,120,1
160,1240,0
160,920,1
161,1056,-1
161,326,1
161,269,-1
161,397,1
161,416,1
161,248,0
161,539,0
161,868,0
162,304,1
162,1142,1
162,704,1
162,806,1
162,722,-1
162,346,-1
163,831,1
163,48,0
163,838,1
163,1028,-1
163,656,0
163,530,0
164,1228,0
164,256,-1
164,894,-1
164,1002,0
164,1025,1
164,541,1
165,1241,-1
165,320,0
165,273,1
165,390,0
166,653,1
166,1224,-1
166,186,1
166,70,1
166,838,1
166,967,-1
166,1050,1
167,613,-1
167,906,0
167,1,1
167,88,-1
167,1164,-1
167,814,-1
167,303,1
167,691,-1
168,959,-1
168,970,1
168,677,1
168,992,1
168,747,-1
169,444,1
169,666,0
169,778,-1
169,1363,1
169,1044,0
169,279,1
169,1072,1
170,95,-1
170,543,1
170,955,0
170,200,1
170,1006,0
171,12,1
171,961,1
171,813,1
171,592,-1
171,309,-1
171,837,1
171,278,-1
172,1416,1
172,924,1
172,1371,0
172,754,-1
172,925,1
172,983,1
172,77,0
172,588,1
172,486,1
173,455,1
173,1221,-1
173,79,1
173,1363,1
173,920,-1
174,667,-1
174,1052,1
174,701,1
174,598,0
174,42,-1
174,424,1
174,1223,-1
174,183,0
175,1336,-1
175,42,-1
175,750,0
176,64,1
176,45,1
176,1354,1
176,188,-1
176,1370,1
176,1269,-1
176,46,1
176,256,-1
177,1116,1
177,284,-1
177,1017,1
177,743,1
177,355,1
177,62,-1
178,380,1
178,1288,0
178,638,1
178,1084,1
178,165,-1
178,1125,1
178,367,1
178,1305,1
179,28,1
179,559,-1
179,725,1
179,1301,0
179,975,-1
179,14,0
180,642,0
180,941,0
180,942,1
180,902,1
181,321,1
181,233,1
181,676,1
181,391,-1
182,593,1
182,387,1
182,496,1
182,677,1
182,278,-1
182,551,1
182,1335,-1
183,1313,1
183,372,1
183,608,1
183,162,0
184,691,-1
184,1280,0
184,110,1
184,1147,-1
184,384,-1
184,735,0
185,235,1
185,522,1
185,818,-1
185,339,1
185,1288,0
185,1236,1
185,335,1
185,30,1
185,364,1
185,25,-1
185,257,-1
186,319,-1
186,1067,1
186,633,1
186,936,0
186,135,0
187,1177,-1
187,661,1
187,928,-1
188,1346,0
188,509,0
188,521,1
188,200,1
189,192,-1
189,110,1
189,1332,0
189,932,1
189,1082,1
189,197,-1
189,386,1
189,1402,0
190,541,1
190,1343,-1
191,140,1
191,1344,-1
191,915,-1
191,966,0
191,524,-1
191,1350,1
192,613,-1
192,1098,1
192,164,1
192,1090,1
192,1346,0
192,139,1
193,515,-1
193,1021,0
193,603,-1
194,680,1
194,1328,-1
194,977,1
194,662,1
194,927,-1
194,185,-1
194,115,1
194,1095,-1
194,247,1
194,1002,0
194,1136,1
195,953,-1
195,863,-1
195,1371,1
195,904,-1
195,656,0
195,709,0
195,143,-1
196,1295,1
196,1057,0
196,32,1
196,846,1
196,607,-1
196,887,-1
197,1277,1
197,287,1
197,1209,1
198,1327,-1
198,1392,-1
198,1069,1
198,406,1
198,838,1
198,16,1
198,556,-1
198,151,-1
199,573,1
199,1395,1
199,549,0
199,201,1
199,574,1
199,66,-1
200,490,-1
200,1307,0
200,56,1
200,1007,0
200,1162,1
200,1092,-1
200,588,1
200,706,1
201,1223,-1
201,403,0
201,105,-1
201,260,-1
201,572,-1
201,738,1
201,511,1
202,1314,1
202,584,1
202,342,0
202,68,1
202,536,1
202,803,1
202,718,1
202,112,1
203,85,-1
203,1081,-1
203,410,-1
203,560,-1
203,337,-1
204,632,1
204,320,0
204,201,1
204,606,1
204,536,1
205,540,1
205,15,-1
205,165,-1
205,444,1
205,57,1
205,1261,0
206,1275,0
206,1134,1
206,263,1
206,966,0
206,1298,1
206,1181,-1
206,407,1
206,922,1
207,397,1
207,1128,1
207,314,1
208,536,1
208,685,-1
208,1115,1
208,557,1
208,1141,1
208,120,1
208,410,-1
209,651,1
209,132,1
209,678,-1
209,1337,1
209,1077,1
209,998,0
210,1391,1
210,1011,-1
210,154,1
210,670,1
210,862,-1
210,919,1
210,1040,1
210,1392,-1
211,52,-1
211,957,-1
211,916,0
211,770,-1
211,1302,0
211,1104,0
212,889,-1
212,358,-1
212,1207,-1
212,688,1
212,267,-1
213,1234,1
213,1278,-1
213,1109,-1
213,1148,1
213,652,-1
213,882,-1
213,989,1
214,702,1
214,873,0
214,767,-1
214,368,0
214,1172,-1
214,724,1
214,596,-1
214,110,1
214,606,1
215,1189,1
215,754,-1
215,1285,-1
215,704,1
216,125,-1
216,333,-1
216,909,-1
216,801,1
217,951,-1
217,1093,-1
217,50,1
217,65,-1
217,491,-1
218,151,-1
218,328,-1
218,365,1
218,1206,1
218,1152,1
218,1421,1
218,333,-1
218,1207,-1
218,1012,0
219,1298,1
219,443,0
219,385,1
219,1097,-1
219,319,-1
219,441,-1
220,617,1
220,103,1
220,122,1
220,89,-1
220,684,-1
221,419,-1
221,950,1
221,581,1
221,84,-1
221,171,-1
221,675,-1
221,217,-1
222,730,-1
222,461,1
222,527,1
222,672,-1
222,861,-1
222,941,0
222,1277,1
223,345,-1
223,1239,0
223,906,0
223,1234,1
223,274,1
223,359,-1
224,507,-1
224,322,-1
224,623,-1
225,831,1
225,902,1
225,677,1
225,517,-1
225,322,-1
225,1037,-1
225,194,1
226,69,0
226,575,1
226,216,1
226,1208,-1
226,131,1
227,106,-1
227,1002,0
227,1207,-1
227,641,0
227,1044,0
227,372,1
227,1204,1
228,651,-1
228,1230,0
228,243,1
228,1291,-1
228,628,0
228,281,1
228,327,0
228,1339,1
229,833,-1
229,989,1
229,9,1
229,136,-1
229,823,0
230,515,1
230,826,-1
231,876,1
231,50,1
231,516,1
231,314,1
231,263,1
232,52,-1
232,3,0
232,134,1
232,1417,1
233,625,1
233,188,-1
233,351,-1
233,1009,1
233,636,1
233,959,-1
234,927,-1
234,1342,1
234,842,-1
235,124,1
235,1165,-1
235,901,-1
235,446,-1
235,1295,1
235,1338,1
235,1143,-1
235,929,-1
236,849,-1
236,404,0
236,344,0
236,952,1
236,1185,-1
236,1077,1
236,1147,-1
236,353,0
236,1208,1
237,695,0
237,1341,-1
237,716,-1
237,219,1
237,14,0
237,640,1
237,715,-1
238,680,1
238,1154,-1
238,474,1
238,487,-1
238,456,1
238,447,1
238,311,0
238,520,1
239,515,-1
239,359,-1
239,644,0
239,423,1
239,456,-1
239,696,-1
240,1117,1
240,1136,1
240,1399,0
240,1124,-1
240,216,1
240,172,1
240,213,1
241,619,1
241,52,-1
241,309,1
241,1022,0
241,267,1
241,1388,1
241,959,-1
241,1020,0
242,409,-1
242,577,-1
242,893,1
242,242,-1
242,1061,1
242,405,0
243,36,1
243,165,-1
243,944,-1
243,1144,1
243,861,-1
244,798,1
245,485,-1
245,61,1
245,937,1
245,367,1
245,595,-1
245,1213,-1
245,1279,0
246,872,1
246,1344,-1
247,1322,-1
247,952,1
247,1211,1
247,214,1
247,407,1
247,781,1
248,607,-1
248,327,0
248,386,-1
248,1270,1
248,655,0
248,1030,-1
248,454,0
248,842,-1
249,748,0
249,225,0
249,647,1
249,68,1
250,978,1
250,641,0
250,1307,0
251,135,0
251,105,1
251,859,0
251,645,0
251,997,-1
252,1407,-1
252,931,0
252,1393,-1
252,738,1
253,1291,-1
253,21,1
253,434,1
253,614,0
253,1335,-1
254,368,0
254,105,-1
254,1040,1
254,218,-1
255,901,-1
255,1383,1
255,615,1
255,689,0
255,107,0
255,759,1
255,1018,1
255,253,1
255,205,1
256,905,0
256,851,1
256,652,-1
256,1189,1
256,50,1
256,530,0
256,685,-1
256,1051,1
256,1312,1
256,364,1
256,77,0
257,1165,-1
257,743,1
257,958,0
257,1070,1
257,717,-1
257,86,1
257,560,-1
257,703,1
258,1204,1
258,65,-1
258,436,1
258,772,-1
258,165,-1
258,242,-1
258,349,-1
258,1237,0
258,505,1
258,1272,1
258,1230,1
258,1168,-1
259,919,-1
259,484,-1
259,1424,-1
259,716,-1
260,808,-1
260,557,1
260,1252,1
260,600,-1
260,781,1
260,190,-1
260,236,1
260,629,1
261,1422,-1
261,1229,1
261,990,-1
261,645,0
261,788,1
262,65,-1
262,99,1
262,1214,1
262,723,-1
262,132,1
262,1090,1
263,87,1
263,406,1
263,1219,1
263,323,-1
263,635,1
263,601,1
263,984,1
264,616,-1
264,264,1
264,1220,0
264,1409,0
264,1243,1
264,742,1
264,821,1
264,1122,1
264,561,1
265,1313,1
265,1036,-1
265,974,1
265,1001,1
265,183,0
265,615,1
265,676,1
265,872,1
266,452,1
266,510,-1
266,845,1
266,1045,-1
266,356,1
266,87,1
266,934,1
266,320,0
266,1347,-1
266,1127,1
266,494,1
267,960,1
267,251,1
267,8,-1
267,234,-1
267,1253,-1
267,642,1
268,520,1
268,1377,-1
268,824,-1
268,675,-1
268,1348,1
268,128,-1
268,80,-1
268,308,-1
268,1190,1
269,926,-1
269,538,-1
269,530,0
269,899,1
269,231,1
269,352,-1
269,17,1
269,871,-1
270,1424,-1
270,1332,0
270,1105,1
270,419,0
270,1077,1
270,1160,1
270,499,-1
270,1042,-1
271,1371,0
271,1071,0
271,889,-1
271,945,1
271,145,1
271,414,-1
271,121,-1
272,1153,1
272,707,-1
272,522,1
272,44,-1
272,1079,0
272,1196,0
273,806,0
273,124,1
273,717,-1
274,1389,0
274,450,-1
274,654,-1
274,510,-1
274,3,0
274,810,-1
275,411,-1
275,1352,1
275,145,1
275,1096,1
275,88,-1
275,846,-1
275,1330,-1
275,744,-1
275,236,-1
276,1259,-1
276,469,1
276,1128,1
276,777,-1
276,1160,1
276,957,-1
276,58,-1
277,612,0
277,52,-1
277,1211,1
277,878,-1
277,483,-1
277,1353,-1
277,505,1
277,644,0
277,75,1
278,495,0
278,1015,1
278,780,-1
278,55,-1
278,893,1
278,593,1
278,691,-1
278,1214,1
279,841,0
279,1349,-1
279,723,-1
279,876,1
279,1160,1
279,413,1
280,262,1
280,494,1
280,546,0
280,850,-1
280,663,0
280,314,1
281,525,0
281,1196,0
281,1390,0
281,491,-1
281,1307,0
282,90,-1
282,572,-1
282,927,-1
282,540,1
282,288,1
282,564,-1
282,771,-1
282,1049,-1
282,1032,1
283,68,1
283,998,0
283,1251,-1
283,22,0
283,1353,-1
283,80,-1
283,686,1
283,347,1
283,333,-1
284,607,-1
284,1205,-1
284,944,-1
284,387,1
284,198,0
285,710,-1
285,152,1
285,1204,1
285,715,-1
285,308,-1
285,845,1
285,1360,1
285,24,-1
286,12,1
286,683,-1
286,895,-1
286,684,-1
287,1266,-1
287,196,1
287,120,1
287,1163,-1
287,638,1
287,2,-1
287,1245,1
287,115,1
288,1319,1
288,617,1
288,1098,-1
288,129,-1
289,1247,0
289,16,1
289,82,-1
289,731,-1
289,1045,-1
289,339,1
290,629,1
290,1000,1
290,202,1
290,1125,1
290,525,0
291,543,1
291,943,1
291,981,1
291,431,-1
291,927,1
291,1333,1
291,128,-1
292,1366,-1
292,364,1
292,1336,-1
292,239,-1
292,210,0
293,998,0
293,1085,-1
293,725,1
293,87,1
294,279,1
294,1169,1
294,752,-1
294,757,1
294,871,-1
294,886,-1
294,1119,1
294,505,1
294,1368,1
295,1140,0
295,732,1
295,955,0
295,756,-1
295,498,-1
295,565,1
295,613,-1
296,295,1
296,902,1
296,466,1
296,1290,0
296,99,1
296,807,0
296,998,0
296,980,-1
297,1144,1
297,137,1
297,978,1
297,1222,1
297,1316,1
298,31,1
298,251,1
298,1016,-1
298,530,0
298,693,0
299,1182,1
299,710,-1
299,351,-1
299,872,1
299,1285,-1
299,1267,-1
299,527,1
300,929,-1
300,959,-1
300,230,-1
300,1277,1
300,1200,1
300,1276,1
301,778,-1
301,640,1
301,1109,-1
302,482,1
302,673,1
302,398,1
303,185,-1
303,1230,0
303,272,0
303,425,1
303,1139,1
303,798,1
303,781,1
304,1004,0
304,287,1
304,665,1
305,1288,0
305,1339,1
305,1159,0
305,982,-1
305,1262,1
305,791,-1
305,726,-1
305,1059,-1
306,110,1
306,273,1
306,464,1
306,406,1
306,182,-1
307,1222,1
307,1368,1
308,236,0
308,858,1
308,554,1
308,483,-1
308,516,1
309,91,-1
309,151,-1
309,881,-1
309,899,1
309,1028,-1
309,290,1
310,367,1
310,991,-1
310,713,0
310,193,-1
310,647,1
310,594,0
311,396,-1
311,756,-1
311,1223,-1
311,653,1
311,1318,0
312,1126,0
312,189,0
312,1327,-1
312,1399,0
312,927,-1
312,828,1
312,50,1
312,912,1
313,783,0
313,385,1
313,191,1
313,265,0
313,114,1
313,719,1
313,534,1
314,652,-1
314,640,1
314,355,1
314,1019,0
314,511,1
314,362,-1
314,543,1
314,1322,-1
314,851,1
314,96,1
314,24,-1
315,60,1
315,1244,0
315,825,-1
315,565,1
315,177,-1
316,1267,-1
316,754,-1
316,851,1
316,1404,-1
316,734,1
317,598,0
317,780,-1
317,1413,-1
318,142,1
318,573,1
318,1117,-1
318,411,-1
318,767,-1
319,1363,1
319,471,1
319,1078,-1
319,737,1
319,897,1
319,1408,0
319,946,-1
319,426,1
320,660,1
320,1066,0
320,732,-1
320,184,1
320,318,1
320,540,1
321,875,1
321,1367,-1
321,810,-1
321,333,-1
321,1122,1
321,1317,1
321,1279,0
321,1059,-1
321,1117,-1
321,129,-1
322,1254,1
322,1207,-1
322,301,1
323,804,-1
323,1175,1
323,790,0
323,575,1
323,214,1
323,292,-1
324,1175,1
324,1260,1
324,587,1
324,1142,1
324,853,1
324,1267,-1
325,875,-1
325,1274,-1
325,1266,-1
325,1369,-1
325,1162,1
325,612,0
325,930,0
326,61,1
326,836,1
326,1142,1
327,1074,1
327,704,1
327,514,-1
327,705,-1
327,1023,1
327,934,1
327,893,1
327,1001,1
327,972,1
328,921,1
328,519,1
328,262,1
328,329,1
328,66,-1
328,170,-1
328,951,-1
328,718,1
329,277,0
329,1169,1
329,112,1
329,1157,0
329,1334,-1
329,614,0
330,107,0
330,1072,1
330,1383,1
330,1277,1
330,77,0
330,550,-1
330,1240,0
330,877,0
331,543,1
331,1237,0
331,1379,-1
331,481,1
331,1276,1
331,464,1
331,1090,1
331,466,1
331,898,-1
332,103,1
332,345,-1
332,501,1
332,1093,-1
332,752,-1
332,243,1
332,153,1
332,19,1
333,842,-1
333,372,1
333,416,1
333,353,0
333,459,1
334,273,1
334,1157,0
334,1223,1
334,1113,0
334,556,-1
335,1346,0
335,1252,1
335,834,1
335,421,1
335,135,-1
335,215,1
335,367,-1
335,1291,-1
336,389,-1
336,236,0
336,1246,-1
336,720,0
336,867,-1
336,340,-1
336,716,-1
336,45,1
336,405,0
336,1152,0
337,733,1
337,500,1
337,979,-1
337,1265,0
337,516,1
337,463,1
337,1014,0
337,428,1
337,887,-1
338,641,0
338,383,0
338,1167,0
338,668,-1
339,1115,1
339,3,0
339,780,-1
339,1123,-1
340,458,1
340,1084,1
340,113,1
340,544,1
340,290,1
340,480,-1
341,573,1
341,747,-1
341,287,1
341,890,1
341,518,1
341,200,1
341,429,-1
341,1162,1
341,1204,1
341,77,0
341,370,1
342,1216,0
342,153,1
342,437,0
342,499,-1
342,660,1
342,65,-1
342,821,1
342,349,-1
342,110,1
343,617,-1
343,1001,1
343,742,1
343,1248,1
343,760,0
343,1290,0
344,190,-1
344,905,0
344,282,1
344,444,1
344,363,1
344,1210,0
344,904,-1
344,1230,0
345,432,0
345,779,-1
345,548,1
345,914,-1
345,711,-1
345,73,1
346,266,-1
346,1059,-1
346,680,1
346,1041,-1
346,725,1
346,111,1
347,1369,-1
347,1263,1
347,472,-1
347,229,0
347,1289,-1
347,112,1
348,499,-1
348,1237,0
348,850,-1
348,173,1
348,1039,0
348,467,-1
348,1004,0
348,670,1
349,700,1
349,866,1
349,1190,1
349,227,-1
349,1394,1
349,283,1
350,1360,0
350,541,1
350,1311,1
350,477,0
350,1258,-1
350,1200,1
351,590,1
351,456,1
351,177,-1
351,157,1
351,1374,-1
351,608,1
351,98,0
352,939,-1
352,1180,1
352,71,1
352,1085,-1
352,72,0
352,1389,0
353,624,-1
353,1082,1
353,858,1
353,1108,0
353,593,1
354,565,1
354,584,1
354,974,1
354,984,1
354,347,1
354,1333,1
354,964,-1
354,789,0
354,1151,1
354,253,1
355,207,0
355,54,1
355,611,0
355,635,1
355,79,1
355,430,1
355,109,-1
355,1196,0
356,495,0
356,259,0
356,188,-1
356,373,1
356,633,1
356,450,-1
356,434,1
357,344,1
357,611,0
357,382,-1
357,235,1
357,375,1
357,1279,0
357,1358,-1
357,584,1
358,1336,-1
358,1051,1
358,1149,1
358,1357,1
358,524,1
358,1228,0
358,1036,-1
359,1315,1
359,435,-1
359,391,-1
359,611,0
359,304,1
359,25,-1
360,712,-1
360,910,0
360,410,-1
360,700,1
360,1064,-1
360,224,-1
360,635,1
360,681,1
360,640,1
361,349,-1
361,564,-1
361,1368,1
361,182,-1
361,1309,-1
362,977,1
362,862,-1
362,337,-1
362,433,0
362,440,1
362,243,1
362,487,-1
362,1202,-1
362,1245,1
362,1423,1
363,643,-1
364,1366,-1
364,499,-1
364,73,1
364,485,-1
364,1178,1
364,561,1
364,735,0
364,876,1
365,779,-1
365,554,1
365,1122,1
365,1281,-1
365,562,-1
365,354,1
365,326,1
366,699,0
366,1098,1
366,122,1
366,152,1
366,929,-1
366,548,1
366,715,-1
366,864,-1
366,78,-1
366,33,0
367,238,1
367,1166,-1
367,927,-1
367,1007,0
367,870,1
367,772,0
367,1127,1
368,831,1
368,1238,0
368,701,1
368,732,-1
368,209,-1
369,1163,-1
369,517,-1
370,478,-1
370,671,1
370,215,-1
370,855,1
370,329,0
370,489,0
370,312,0
370,736,-1
371,251,1
371,1334,-1
371,1329,1
371,488,1
371,917,1
372,635,1
372,475,1
372,275,0
372,213,1
372,715,-1
372,733,1
372,936,0
373,1184,-1
373,1238,0
373,1317,1
373,901,-1
373,1266,-1
373,1404,-1
373,113,1
374,19,1
374,760,0
374,313,1
374,1241,-1
374,1420,1
374,537,1
374,943,1
374,193,-1
375,815,0
375,1222,1
375,1125,1
375,281,1
375,372,1
375,371,1
375,572,-1
375,1152,0
375,131,1
376,957,-1
376,871,-1
376,675,-1
376,846,-1
376,490,-1
377,1340,1
377,61,1
377,523,0
377,834,1
377,1120,1
377,490,-1
378,855,1
378,84,-1
378,1358,-1
378,1383,1
379,755,1
379,324,1
379,430,1
379,1129,1
379,211,-1
379,707,-1
379,1424,-1
379,843,0
379,1185,-1
380,242,-1
380,435,-1
380,1327,-1
380,1072,1
380,578,-1
380,1207,-1
380,105,-1
380,840,-1
381,400,1
381,681,1
381,169,1
381,996,0
381,1141,1
381,1118,1
381,1173,1
382,1302,0
382,586,0
382,985,1
382,794,0
383,1147,-1
383,1071,0
383,796,-1
383,588,1
383,1088,1
383,521,1
383,106,-1
383,747,-1
384,517,-1
384,1011,-1
384,215,-1
384,1342,1
384,912,1
384,231,1
384,1229,1
384,607,-1
384,1,1
384,1242,1
384,1272,1
385,163,1
385,70,1
385,982,-1
385,294,0
385,601,1
385,1228,0
386,588,1
386,195,1
386,672,-1
386,443,-1
386,525,0
387,696,-1
387,519,1
387,636,-1
387,573,1
387,238,1
387,593,1
388,1226,1
388,720,0
388,269,-1
388,718,1
388,444,1
388,193,-1
388,574,1
388,276,-1
389,970,1
389,794,0
389,486,1
389,876,1
390,707,-1
390,944,-1
390,995,1
390,1242,1
390,1099,1
390,1064,-1
391,953,-1
391,806,1
391,359,-1
391,715,-1
391,1195,-1
391,588,1
391,227,-1
392,663,0
392,838,1
392,11,1
392,1324,1
392,860,-1
392,389,1
393,440,1
393,473,1
393,1007,0
393,1211,1
393,86,1
393,1345,0
394,1263,1
394,1160,1
394,121,-1
394,968,1
394,562,-1
395,150,0
395,220,-1
395,1231,-1
395,555,1
395,929,-1
395,981,1
395,626,-1
395,304,1
396,404,0
396,1113,0
396,844,1
396,870,1
396,992,1
397,399,-1
397,110,1
397,1318,0
397,741,-1
397,1159,0
397,437,0
397,693,0
397,663,0
398,703,1
398,1079,0
398,1196,0
398,750,0
398,1212,1
398,298,1
399,157,1
399,1070,1
399,1281,-1
399,939,-1
399,648,-1
399,538,-1
399,1015,1
400,1096,1
400,574,1
400,446,-1
400,1013,1
400,924,1
400,1055,1
400,697,-1
401,1305,1
401,1195,-1
401,40,1
401,1271,-1
401,318,-1
401,902,1
401,211,-1
402,674,0
402,529,-1
402,128,-1
403,881,-1
403,126,-1
403,102,1
403,877,0
403,1406,0
403,239,-1
404,479,1
404,1361,0
404,1008,0
404,60,1
404,28,1
404,492,1
404,430,1
404,298,-1
404,895,-1
405,312,0
405,774,1
405,461,1
405,950,1
405,1229,1
405,1004,0
405,292,-1
405,907,-1
406,770,-1
406,659,-1
406,1048,-1
406,1269,-1
406,183,-1
406,1215,-1
406,774,1
407,989,1
407,753,-1
407,1391,1
407,613,-1
407,572,-1
407,1311,1
407,836,1
408,919,-1
408,234,-1
408,1322,-1
409,433,0
409,771,-1
409,817,-1
409,122,1
409,260,-1
409,553,0
409,98,0
410,361,1
410,661,1
410,686,1
411,283,1
411,563,1
411,944,-1
411,1064,-1
411,674,0
411,1037,-1
411,213,-1
411,957,-1
412,253,1
412,243,1
413,37,1
413,762,1
413,469,1
413,838,1
413,1087,-1
413,766,1
414,894,-1
414,90,-1
414,986,1
414,1279,0
414,63,1
414,423,1
414,565,1
414,803,1
414,584,1
415,1133,1
415,70,1
415,1284,-1
415,950,1
415,533,1
415,238,1
415,131,1
415,441,-1
415,696,-1
415,671,1
415,1290,0
416,1298,1
416,1129,1
416,564,-1
416,720,0
416,1125,1
416,1268,-1
416,1071,0
416,152,1
416,545,-1
416,919,-1
417,956,0
417,1322,-1
417,800,1
417,443,0
417,1224,-1
417,813,1
417,315,-1
418,1157,0
418,587,1
418,940,-1
418,1214,1
419,237,1
419,1165,-1
419,155,1
419,101,-1
419,511,1
420,202,1
420,1286,-1
420,935,1
420,51,1
421,579,-1
421,497,-1
421,1280,0
421,502,-1
421,1149,1
421,1321,1
422,178,1
422,854,0
422,528,0
422,830,-1
422,463,1
422,1241,-1
422,623,-1
422,593,1
423,536,1
423,847,1
423,823,0
423,43,1
423,868,0
423,812,-1
424,184,1
424,536,-1
424,59,1
424,402,1
424,1406,0
424,802,-1
425,1379,-1
425,1412,1
425,954,-1
425,1384,1
425,1370,1
425,1129,1
425,282,1
425,1018,1
426,310,0
426,655,0
426,896,1
426,938,1
426,631,1
427,646,-1
427,1209,1
427,1343,-1
427,509,0
427,596,-1
427,1130,-1
427,48,0
427,607,-1
427,1416,1
427,1010,1
427,797,-1
427,456,1
428,236,0
428,1262,1
428,47,1
428,92,1
428,528,0
428,1318,0
428,1351,1
429,850,-1
429,1005,1
429,829,1
429,154,1
429,962,-1
429,1280,0
429,465,1
430,1328,-1
430,943,1
430,27,1
430,101,-1
430,951,-1
431,1281,-1
431,366,0
431,853,1
431,512,-1
431,938,1
431,1036,-1
431,799,0
432,116,-1
432,155,1
432,619,1
432,243,1
432,806,0
432,60,1
433,1328,-1
433,432,0
433,377,1
433,168,0
433,1200,1
433,934,1
433,44,-1
434,385,1
434,613,-1
434,716,-1
434,625,0
434,1303,1
434,1009,1
435,158,1
435,974,1
435,1397,-1
435,601,1
435,64,1
435,644,0
435,852,1
435,1170,1
436,56,1
436,657,1
436,26,0
436,87,1
436,780,-1
436,1281,-1
436,38,0
437,142,1
437,1289,1
437,319,-1
437,1211,1
438,409,-1
438,341,1
438,44,-1
438,815,0
438,164,1
438,1189,1
438,711,-1
439,647,1
439,592,1
439,663,0
439,800,1
439,803,1
439,1400,-1
439,160,-1
439,980,-1
439,334,0
440,850,-1
440,253,1
440,717,-1
440,861,-1
440,853,1
440,358,1
440,530,0
441,566,1
441,853,1
441,774,1
441,814,-1
441,467,-1
441,959,-1
441,896,1
441,317,-1
442,396,-1
442,813,1
442,1362,0
442,777,-1
442,835,1
442,474,1
442,61,1
442,1223,-1
443,618,-1
443,1204,1
443,629,1
443,437,0
443,339,1
443,1297,-1
443,562,-1
444,681,1
444,492,1
444,819,1
444,906,0
444,1210,0
444,398,1
444,1160,1
444,1297,-1
445,508,0
445,196,1
445,540,1
445,817,-1
445,1073,-1
446,1145,0
446,274,1
446,386,1
446,1155,0
446,359,-1
447,1336,-1
447,300,0
447,1277,1
447,418,1
447,943,1
447,149,1
447,1411,1
448,362,-1
448,1191,1
448,1215,-1
448,319,-1
448,625,0
448,964,-1
448,120,1
449,1132,1
449,830,-1
449,1299,1
449,436,1
449,1359,-1
450,969,1
450,793,1
450,884,1
450,1095,-1
450,1253,-1
450,888,-1
451,321,1
451,265,0
451,545,-1
451,917,1
451,616,-1
451,237,1
452,1171,-1
452,321,1
452,35,1
452,647,1
452,334,0
452,960,1
452,1286,-1
453,1067,1
453,1299,1
453,860,-1
453,260,-1
453,106,-1
453,1285,1
454,1057,0
454,1295,1
454,1223,-1
454,260,-1
454,270,0
455,375,1
455,10,-1
455,668,-1
455,1001,1
455,128,-1
455,656,0
456,187,1
456,1414,0
456,300,0
456,930,0
456,768,1
456,1083,0
456,1048,-1
456,447,1
456,806,0
457,11,1
457,614,0
457,520,1
457,703,1
457,43,1
457,289,1
457,825,-1
457,300,0
458,1212,1
458,1286,-1
459,1154,-1
459,762,1
459,300,0
459,216,1
459,1259,-1
459,454,-1
459,629,1
459,768,1
460,1109,-1
460,596,-1
460,646,-1
460,259,0
460,619,1
460,1305,1
460,859,0
460,751,0
460,1221,-1
461,742,1
461,189,0
461,961,-1
461,693,0
461,1158,-1
461,1273,1
461,1037,-1
462,1126,0
462,1122,1
462,1101,-1
462,171,-1
462,675,-1
462,1074,1
462,316,-1
462,994,1
462,280,0
463,269,-1
463,1206,0
463,860,-1
463,873,0
463,923,-1
463,1288,0
463,1364,-1
463,532,1
464,1396,1
464,739,0
464,644,0
464,807,0
464,649,1
465,1409,0
465,448,-1
465,1007,0
465,372,1
466,1224,-1
466,1207,-1
466,1230,0
466,650,-1
466,362,-1
466,1032,1
466,384,-1
467,1360,0
467,509,0
467,673,1
467,221,1
467,214,1
467,840,-1
467,634,1
467,6,1
467,275,0
468,1016,-1
468,445,0
468,1089,1
468,709,0
468,1246,-1
468,1162,1
469,250,1
469,799,0
469,1338,1
469,1332,0
469,8,-1
470,524,1
470,90,-1
470,462,-1
470,370,1
471,739,0
471,356,1
471,327,0
471,547,-1
471,1193,-1
471,521,1
472,981,1
472,826,-1
472,915,-1
472,838,1
472,222,0
472,277,0
473,157,1
473,68,1
473,839,1
473,819,1
473,274,1
474,994,1
474,696,-1
474,537,1
474,1126,0
474,96,1
474,588,1
474,595,-1
475,942,1
475,1292,-1
475,233,1
475,1086,0
475,990,-1
476,1381,-1
476,1098,1
476,1228,-1
476,479,1
476,1038,0
476,544,1
476,116,-1
476,273,1
477,265,0
477,1388,1
477,957,-1
477,98,0
477,868,0
477,910,0
477,551,1
478,58,-1
478,1032,1
478,653,1
478,171,-1
478,732,-1
478,932,1
478,993,1
479,702,1
479,615,1
479,1348,1
479,903,-1
479,945,1
479,1418,1
479,1324,1
479,52,-1
479,491,-1
479,609,1
479,909,1
479,231,1
479,1210,1
480,732,-1
480,1377,-1
480,1016,-1
480,1318,0
480,959,-1
480,449,1
480,872,1
480,1334,-1
481,1328,-1
481,741,-1
481,455,1
481,1151,1
482,500,1
482,1276,1
482,1040,1
482,1044,0
482,747,-1
482,298,-1
482,654,-1
483,1401,1
483,180,0
483,141,-1
483,395,1
483,143,-1
483,438,0
484,105,-1
484,752,-1
484,1386,0
484,625,0
484,608,1
484,1251,-1
484,1353,-1
485,1208,1
485,1070,1
485,883,-1
485,976,1
486,611,0
486,764,1
486,601,1
486,1396,1
487,151,-1
487,12,1
487,1203,0
487,1001,1
487,88,-1
487,1283,1
487,635,1
487,1008,0
487,355,1
487,966,0
488,644,0
488,783,-1
488,1377,-1
488,354,1
489,1378,-1
489,86,1
489,1202,-1
489,1305,1
489,498,-1
489,431,-1
489,345,-1
489,20,1
489,744,-1
490,1038,0
490,413,1
490,89,-1
490,206,-1
491,71,1
491,998,0
491,156,0
491,8,-1
491,1144,1
491,661,1
491,9,1
491,1004,0
491,1417,1
491,1273,-1
492,1007,0
492,186,1
492,1093,-1
492,889,-1
492,487,-1
492,1035,0
493,1002,0
493,625,0
493,1301,0
493,1020,0
493,897,1
493,1308,-1
493,97,-1
493,1307,0
493,168,0
494,930,0
494,772,0
494,1101,-1
494,695,0
494,559,-1
495,618,-1
495,1234,1
495,656,0
495,1169,1
495,1136,1
495,245,1
495,948,1
495,225,0
495,581,1
496,226,1
496,283,1
496,677,1
496,774,1
497,257,-1
497,555,1
497,558,-1
497,75,1
497,41,1
497,486,1
497,568,1
498,1157,0
498,1329,1
498,473,1
498,725,1
498,1405,1
498,538,-1
498,1299,1
498,1418,1
499,1359,1
499,979,-1
499,1204,1
499,1,1
499,23,0
499,317,-1
499,1080,-1
499,567,1
500,199,1
500,161,-1
500,354,1
501,939,-1
501,926,-1
501,542,1
501,1036,-1
501,1109,-1
501,378,1
502,607,-1
502,454,0
503,726,-1
503,852,1
503,845,1
503,1285,-1
503,1163,-1
503,1056,-1
503,863,-1
503,206,-1
504,89,-1
504,1258,-1
504,894,-1
504,224,-1
504,1211,1
504,708,1
505,636,-1
505,748,1
505,1021,0
505,1370,1
505,898,-1
505,780,-1
506,531,1
506,962,-1
506,898,1
506,964,-1
506,443,0
506,277,0
506,1291,-1
506,703,1
506,1387,0
507,115,1
507,563,1
507,783,0
507,712,-1
507,1150,1
507,412,-1
508,1281,-1
508,1356,-1
508,286,0
508,848,0
508,155,1
508,364,1
508,1103,1
509,513,-1
509,1148,1
509,313,1
509,847,1
509,978,1
509,374,-1
509,1001,1
509,389,-1
509,560,-1
509,216,1
510,119,1
510,1168,-1
510,545,-1
511,257,-1
511,279,1
511,286,0
511,375,1
511,255,1
511,249,1
512,889,-1
512,932,1
512,1398,-1
512,1247,0
512,948,1
512,651,-1
513,600,-1
513,724,1
513,1299,1
514,1014,0
514,341,1
514,158,1
514,1310,1
514,117,-1
514,710,-1
514,154,1
515,381,-1
515,1409,0
516,277,0
516,34,1
516,1183,-1
516,501,1
516,823,0
516,220,-1
516,312,0
517,529,-1
517,1413,-1
517,1043,1
517,74,-1
517,883,-1
517,1418,1
518,424,1
518,1038,0
518,368,0
518,171,-1
518,998,0
518,828,1
518,1306,-1
519,718,1
519,582,0
519,427,1
519,569,1
519,1101,-1
519,433,0
520,994,1
520,1414,0
520,1339,1
520,1223,-1
520,879,1
520,935,1
520,825,-1
520,538,-1
521,740,0
521,977,1
521,513,-1
521,709,0
521,583,-1
521,526,0
521,1372,-1
521,398,1
521,529,-1
522,1217,1
522,704,1
522,272,1
522,543,1
522,471,1
523,3,0
523,347,1
523,269,-1
523,586,0
524,1000,1
524,1206,0
524,160,-1
524,113,1
524,961,-1
524,1357,1
525,721,1
525,1183,-1
525,340,-1
525,1105,1
525,275,0
525,941,0
525,1267,-1
526,385,1
526,651,-1
526,565,1
526,1410,1
526,1383,1
526,1197,-1
527,243,1
527,14,0
527,1089,1
527,890,1
527,1208,1
527,809,-1
528,1329,1
528,477,0
528,1391,1
528,1046,-1
528,495,0
528,428,1
528,27,1
528,375,1
528,1129,1
529,1414,0
529,757,-1
529,1262,1
529,863,-1
529,19,1
529,115,1
529,1179,0
530,103,1
530,487,-1
530,1188,1
530,149,1
530,361,1
531,955,0
531,1112,1
531,197,-1
531,1341,-1
531,1395,1
531,1387,0
531,929,-1
531,336,-1
532,674,0
532,1295,1
532,923,-1
532,878,-1
533,1327,-1
533,730,-1
533,834,1
533,113,1
534,1029,1
534,1231,-1
534,853,1
534,953,-1
535,1298,1
535,66,-1
535,458,1
535,1043,1
535,226,1
535,926,-1
535,5,1
536,5,1
536,1212,1
536,1202,-1
536,812,-1
536,1036,-1
536,994,1
536,408,0
536,843,0
537,121,-1
537,1147,-1
537,821,1
537,1156,-1
538,1165,-1
538,851,1
539,719,1
539,1162,1
539,1055,1
539,525,0
539,70,1
540,579,-1
541,118,0
541,716,-1
541,828,1
541,787,-1
541,936,0
542,8,-1
542,1400,-1
542,898,-1
542,1247,0
542,1397,-1
542,1297,-1
543,1276,1
543,221,1
543,1341,-1
543,1187,1
543,12,1
543,1421,1
544,208,0
544,364,1
544,104,1
544,1147,-1
544,537,1
544,561,1
545,292,-1
545,3,0
545,685,-1
545,515,-1
545,511,1
545,372,1
546,83,-1
546,333,-1
546,1015,1
546,178,1
546,1394,1
547,650,-1
547,285,-1
547,1419,-1
547,1164,-1
547,53,-1
547,75,1
547,926,-1
548,1288,0
548,1244,0
548,667,1
548,494,1
548,303,1
548,317,-1
548,1309,-1
548,431,-1
548,855,1
549,1066,0
549,774,1
549,1226,1
549,859,0
549,833,-1
549,584,1
549,1095,-1
549,1286,-1
550,257,-1
550,432,0
550,205,-1
550,1232,1
550,713,0
550,1134,1
550,579,-1
551,204,-1
551,1292,-1
551,1200,1
551,245,1
551,1094,0
551,604,1
551,107,0
551,740,0
551,590,1
552,1330,-1
552,432,0
552,302,1
552,1395,1
552,965,0
552,840,-1
552,977,1
553,627,-1
553,501,1
553,923,-1
553,446,-1
553,1101,-1
553,1212,1
554,613,-1
554,1082,1
554,627,-1
554,732,-1
554,1249,1
554,577,-1
555,150,0
555,677,1
555,710,-1
555,1236,1
555,1228,0
555,1091,0
555,1408,0
556,1054,1
556,33,0
556,27,1
556,955,0
556,212,1
556,258,-1
556,595,-1
556,77,0
557,712,-1
557,304,1
557,1095,-1
557,1311,1
558,869,1
558,635,1
558,968,1
558,420,1
558,49,1
558,782,1
558,246,1
559,231,1
559,1038,0
559,752,-1
559,1272,1
559,997,-1
559,1222,1
559,645,1
560,198,0
560,700,1
560,1119,1
560,317,-1
560,1239,0
560,997,-1
560,1360,0
561,978,1
561,664,1
561,880,1
561,280,0
561,699,0
561,1196,0
561,1093,-1
561,51,1
561,1424,-1
562,1126,0
562,942,1
562,1315,1
563,1272,1
563,1328,-1
563,1359,-1
563,982,-1
563,1290,0
563,923,-1
563,377,1
563,105,-1
563,31,1
563,978,1
564,819,1
564,129,-1
564,261,1
564,137,-1
564,1280,0
564,654,-1
564,196,1
565,880,1
565,1210,0
565,1207,-1
565,676,1
565,277,0
565,439,-1
565,409,-1
565,701,1
565,547,-1
565,1389,0
566,228,-1
566,230,-1
566,421,1
566,1282,0
566,201,1
567,1152,0
567,250,1
567,980,-1
567,1151,1
567,128,-1
567,1300,0
567,1014,0
568,144,1
568,1058,0
568,761,0
568,654,-1
568,1312,1
568,698,-1
568,458,1
568,923,-1
569,1282,0
569,150,0
569,1012,-1
569,718,1
569,239,-1
569,1209,1
569,574,1
570,1347,1
570,534,1
570,48,0
570,8,-1
570,12,1
570,1379,-1
570,592,1
571,292,-1
571,359,-1
571,1262,-1
571,208,0
572,1017,1
572,473,1
572,754,-1
572,820,1
572,1334,-1
572,329,0
572,1339,1
573,220,-1
573,756,-1
573,890,1
573,345,-1
573,296,1
573,560,-1
573,1316,1
574,1027,-1
574,401,-1
574,1221,-1
574,668,-1
574,366,0
574,79,1
574,1145,0
575,42,-1
575,902,1
575,152,1
575,6,1
575,1,1
575,1196,0
575,336,-1
576,1257,1
576,1048,-1
576,1150,1
576,1307,0
576,739,0
576,723,-1
577,1237,0
577,490,-1
577,931,0
577,534,1
577,130,-1
577,682,-1
577,541,1
578,237,1
578,721,0
578,1289,1
578,814,-1
578,619,1
578,1273,1
578,534,1
579,41,1
579,382,-1
579,1405,1
579,436,1
579,622,1
579,347,1
579,346,-1
580,585,1
580,1214,1
580,38,0
580,1299,1
580,940,-1
580,384,-1
581,672,-1
581,457,1
581,904,-1
581,1151,1
581,453,1
581,1174,1
581,738,1
581,133,-1
581,1379,-1
581,952,1
582,1371,0
582,1305,1
582,71,1
582,628,0
583,703,1
583,935,1
584,1345,0
584,352,-1
584,1222,1
584,686,1
584,148,1
584,1390,0
585,1042,-1
585,364,1
585,969,1
585,810,-1
585,461,1
585,1051,1
585,1189,1
585,1371,1
585,57,1
586,285,-1
586,135,0
586,1405,1
586,254,0
586,849,-1
586,945,1
586,765,1
586,1345,0
587,2,-1
587,1203,0
587,470,1
587,1236,1
587,669,-1
587,423,1
587,305,-1
587,610,0
587,594,0
587,1402,0
588,663,0
588,604,1
588,369,1
588,1066,0
588,518,1
588,1146,1
589,450,-1
590,357,1
590,1249,1
590,360,1
590,1099,1
590,513,-1
590,1089,1
590,35,1
591,544,1
591,867,-1
591,430,1
591,651,-1
591,562,-1
591,879,1
591,1317,1
592,1050,1
592,974,1
592,1156,-1
592,822,1
592,784,1
593,432,0
593,862,-1
594,781,1
594,844,1
594,607,-1
594,8,-1
594,73,1
594,1106,-1
594,494,1
595,393,-1
595,244,1
596,177,-1
596,150,-1
596,1071,0
596,1014,0
596,546,0
597,569,1
597,616,-1
598,248,0
598,1380,-1
598,70,1
598,9,1
598,1422,-1
598,1075,1
598,793,-1
598,198,0
598,953,-1
599,1109,1
599,602,-1
599,703,1
599,1064,-1
599,203,1
599,121,-1
599,1176,0
600,306,1
600,1042,-1
600,1169,1
600,643,-1
601,427,1
601,1215,1
601,388,-1
601,1411,1
602,689,0
602,790,0
602,662,0
602,1083,0
602,673,1
602,955,0
602,265,0
603,164,1
603,584,1
603,260,-1
603,1028,-1
603,1389,0
603,400,1
603,861,-1
603,1067,1
603,165,-1
604,641,0
604,25,-1
604,1236,1
604,392,0
604,1380,-1
605,199,1
605,851,1
605,321,1
605,1330,-1
605,1044,0
605,1261,0
605,1284,-1
605,664,1
605,683,-1
606,1236,1
606,327,0
606,250,1
606,911,1
606,804,-1
606,1025,1
606,1211,1
607,913,0
607,1336,-1
607,660,1
607,1385,-1
607,940,-1
607,790,0
607,5,1
607,577,-1
607,1011,-1
608,1036,-1
608,1197,-1
608,872,1
608,1231,-1
608,528,0
608,1067,1
608,301,1
609,588,1
609,953,-1
609,481,1
609,925,1
610,200,1
610,1110,1
610,521,1
610,327,0
610,1126,0
610,485,1
610,955,0
611,92,1
611,196,1
611,1017,1
611,1416,1
611,1139,1
611,241,1
611,628,0
612,544,1
612,123,-1
612,492,1
612,1212,1
612,880,1
612,1063,1
612,229,-1
613,1269,-1
613,52,-1
613,1366,-1
613,606,1
613,1033,1
613,400,1
613,523,-1
613,320,0
613,1337,1
614,335,1
614,1084,1
614,589,-1
614,1120,1
615,200,1
615,1279,0
615,110,1
615,118,0
615,101,-1
615,880,1
615,231,1
615,691,-1
615,952,1
616,1069,1
616,819,1
616,1103,1
617,546,0
617,675,-1
617,1178,1
617,11,1
617,620,1
617,1000,1
618,586,0
618,310,0
618,597,1
618,1076,0
618,579,-1
618,530,0
618,207,0
619,1014,0
619,1233,-1
619,1173,0
619,1386,0
619,1303,1
619,243,1
619,1231,-1
619,507,-1
619,202,1
619,968,1
620,136,-1
620,824,1
620,673,1
620,143,-1
620,546,0
620,1224,-1
621,1285,-1
621,596,-1
621,1395,1
621,580,1
621,944,-1
621,443,0
621,794,0
622,618,-1
622,694,-1
622,370,1
622,576,-1
622,1107,0
622,79,1
623,495,0
623,533,1
623,959,-1
623,529,-1
623,708,1
623,1204,1
624,720,-1
624,1032,1
624,448,-1
624,876,1
624,1017,1
624,1254,1
625,1068,-1
625,699,0
625,1141,1
625,137,-1
625,896,-1
625,290,1
626,57,1
626,1160,1
626,1009,1
626,1258,-1
626,1413,-1
626,581,1
626,715,-1
626,25,-1
627,504,-1
627,1342,1
627,367,1
627,1138,1
627,1003,0
628,1400,-1
628,439,-1
628,801,1
628,1341,-1
628,41,1
628,989,1
628,605,1
628,1386,0
629,476,-1
629,910,0
629,139,1
629,163,1
629,1026,1
629,742,1
629,1376,-1
629,1413,-1
630,1308,-1
630,8,-1
630,90,-1
630,529,-1
630,1261,0
631,1015,1
631,701,1
631,309,-1
631,1377,-1
631,1052,1
631,740,0
632,1326,1
632,1058,-1
632,915,-1
632,90,-1
632,829,1
632,204,-1
632,1163,-1
632,598,0
633,55,-1
633,1141,1
633,967,1
633,41,1
633,1134,1
633,955,0
633,768,1
633,115,1
634,257,-1
634,850,-1
634,529,-1
634,923,-1
634,211,-1
634,736,-1
634,118,0
634,1170,1
635,6,1
635,30,1
635,1316,1
635,942,1
635,615,1
635,307,-1
636,1061,1
636,76,0
636,526,0
636,1313,1
636,356,1
636,241,1
636,349,-1
636,208,0
637,362,-1
637,107,0
637,359,-1
637,752,-1
637,11,1
637,51,1
637,496,1
637,470,1
638,1051,1
638,1324,1
638,1031,-1
638,1072,1
638,699,0
638,830,-1
639,1249,1
639,368,0
639,713,0
639,1190,1
639,35,1
640,205,-1
640,1348,1
640,1374,-1
640,251,1
640,3,-1
640,480,-1
641,836,1
641,1025,1
641,494,1
641,1422,-1
641,1242,1
641,298,-1
641,873,0
641,194,1
642,575,1
642,536,-1
643,616,-1
643,1342,1
643,1021,0
643,277,0
643,66,-1
643,241,1
643,748,0
644,330,-1
644,503,-1
645,708,1
645,1073,-1
645,637,1
645,1245,1
645,1332,0
645,919,-1
645,1115,1
646,277,0
646,787,-1
646,1347,1
646,1011,-1
646,1159,0
646,20,1
647,119,1
647,869,1
647,1250,0
647,815,0
647,890,1
647,1187,1
647,662,0
648,372,1
648,614,0
648,1240,0
648,1345,0
648,838,1
648,864,-1
648,152,1
648,630,1
648,1013,1
648,31,1
649,1255,0
649,1350,1
649,174,0
649,793,-1
649,960,1
650,624,-1
650,914,-1
650,1287,1
650,144,1
650,1091,0
650,1177,-1
651,313,1
651,748,0
651,1372,-1
651,673,1
651,787,-1
651,69,0
652,248,0
652,674,0
652,368,0
652,1210,0
652,163,1
652,312,0
653,29,1
653,476,-1
653,1243,1
653,1271,-1
653,669,-1
654,1336,-1
654,1014,0
654,262,1
654,1256,0
654,858,1
654,1264,-1
654,1057,0
654,27,1
655,1286,-1
655,581,1
655,649,1
655,727,1
655,393,-1
655,1193,1
656,419,0
656,286,0
656,782,1
656,1289,1
656,1050,1
656,379,-1
657,665,1
657,653,1
657,428,1
657,919,-1
657,959,-1
657,40,1
657,4,1
657,189,0
658,65,-1
658,1304,0
658,736,-1
658,1343,-1
658,168,0
658,1127,1
659,1107,0
659,950,1
659,1133,1
659,754,-1
659,130,-1
659,1341,-1
659,492,1
660,426,1
660,1115,1
660,1231,-1
660,346,-1
660,882,1
660,447,1
660,781,1
660,1399,0
661,275,0
661,184,1
661,1413,-1
661,691,-1
661,407,1
661,45,1
661,635,1
662,1269,-1
662,16,1
662,1102,-1
662,235,1
662,741,-1
663,1381,-1
663,577,-1
663,1421,1
663,27,1
663,279,1
663,427,1
663,1251,-1
663,1254,1
664,237,1
664,327,0
664,259,0
664,920,-1
664,208,0
664,1382,-1
664,437,0
664,689,0
665,452,1
665,1281,-1
665,1410,-1
665,633,1
665,203,1
665,330,-1
666,843,0
666,707,-1
666,62,-1
666,572,-1
667,714,-1
667,849,-1
667,596,-1
667,1168,-1
667,296,1
667,723,-1
668,348,-1
668,461,1
668,1418,1
668,378,0
668,733,1
668,403,0
669,1112,1
669,703,1
669,581,1
669,106,-1
669,810,-1
669,207,0
669,52,-1
669,242,-1
670,105,-1
670,872,1
670,917,1
670,1202,-1
670,1014,0
670,166,-1
670,1089,1
671,365,1
671,174,0
671,837,1
671,843,0
671,794,0
671,541,1
672,874,-1
672,693,0
672,40,1
672,904,-1
672,820,1
672,1231,-1
672,145,1
673,714,-1
673,973,-1
673,1064,-1
673,1389,0
673,1360,0
673,905,0
673,72,0
674,161,-1
674,797,-1
674,1005,1
674,587,1
674,642,0
674,626,-1
674,146,1
675,822,1
675,1082,1
675,100,1
676,1255,1
676,682,-1
676,1151,1
676,1217,1
676,1021,0
676,711,-1
676,680,1
677,100,1
677,117,-1
677,241,1
677,451,-1
677,188,-1
677,1394,1
677,654,-1
677,975,-1
677,1168,-1
678,394,1
678,314,1
678,221,1
678,68,1
678,489,0
678,100,-1
678,762,1
678,277,0
678,261,1
678,287,1
678,289,1
679,755,1
679,117,-1
680,986,1
680,420,1
680,1199,1
680,112,1
680,428,1
681,495,0
681,131,1
681,883,-1
681,1144,1
681,716,-1
681,1374,-1
681,902,1
681,320,-1
682,995,1
682,109,-1
682,151,-1
682,1328,-1
682,554,1
682,766,1
682,288,1
683,1156,-1
683,610,0
683,875,-1
683,1372,-1
683,30,1
683,1198,1
683,335,1
684,314,1
684,1215,-1
684,1293,1
684,662,0
684,249,1
684,996,0
684,768,1
684,1406,0
685,495,-1
685,47,1
685,1138,1
685,934,1
685,241,1
686,415,1
686,111,1
686,1286,-1
686,45,1
686,557,1
686,5,1
687,987,1
687,1131,0
687,436,1
687,94,1
687,552,-1
687,829,1
687,1159,0
688,1116,1
688,1315,1
688,662,0
688,352,-1
688,1050,1
688,216,1
688,1121,-1
688,79,1
688,751,0
688,1260,1
688,1141,1
689,1171,-1
689,770,-1
689,538,-1
689,822,1
689,1372,-1
689,1204,1
689,658,0
690,509,-1
690,242,-1
690,1171,-1
690,335,1
690,945,1
691,211,-1
691,122,1
691,801,1
691,1218,1
691,1159,1
691,787,-1
691,1231,-1
692,176,1
692,729,1
692,34,1
692,767,-1
692,103,1
693,1422,-1
693,48,0
693,1295,1
693,216,1
694,113,1
694,1098,1
694,14,0
694,812,-1
694,453,1
694,492,1
695,233,1
695,100,1
695,1033,1
695,916,0
695,1071,0
695,455,1
696,1032,1
696,1114,0
696,552,-1
696,1403,1
696,643,-1
696,1358,-1
696,793,-1
696,945,1
697,1247,0
697,515,-1
697,1166,-1
697,181,-1
697,824,1
697,1320,1
698,1229,1
698,602,-1
698,1347,1
698,129,-1
698,684,-1
698,658,0
698,284,-1
699,179,-1
699,475,1
699,907,-1
699,794,0
699,448,-1
699,965,0
699,1341,-1
700,53,-1
700,1126,0
700,277,0
700,1262,1
700,428,1
700,1235,1
700,1340,1
700,1226,1
701,509,0
701,1179,0
701,387,1
701,1398,-1
701,23,0
701,333,-1
701,947,-1
701,465,1
701,833,-1
701,956,0
701,432,0
702,453,-1
702,1245,1
702,768,1
702,1411,1
702,1324,1
702,723,-1
703,1049,1
703,378,0
703,457,1
703,747,-1
703,70,1
703,964,-1
703,725,1
703,733,1
704,531,1
704,835,1
704,720,0
704,370,1
704,159,1
704,725,1
704,1014,0
705,460,-1
705,342,0
705,302,1
705,687,0
706,862,-1
706,705,-1
706,856,-1
707,1343,-1
707,637,1
707,484,-1
707,809,-1
707,1371,0
707,475,1
708,1023,1
708,1233,-1
708,137,-1
708,405,0
708,953,-1
708,324,1
708,561,1
708,1237,0
709,100,1
709,123,-1
709,1091,0
709,911,1
709,23,0
709,321,1
710,420,1
710,646,-1
710,1319,1
710,1139,1
710,445,0
710,734,1
710,1338,1
710,174,0
710,582,0
710,372,1
711,30,1
711,1159,0
711,1173,0
711,578,-1
711,761,0
711,1211,1
711,118,0
711,119,1
712,1091,0
712,1367,-1
712,1070,1
712,62,-1
712,1361,0
712,113,1
713,242,-1
713,421,1
713,1370,1
713,155,1
713,52,-1
713,615,-1
713,66,-1
713,1335,-1
714,576,-1
714,1162,1
714,741,-1
714,743,1
715,1384,1
715,823,0
715,635,1
715,362,-1
715,897,1
715,1278,-1
715,221,1
715,881,-1
715,1096,1
715,640,1
715,199,1
715,292,-1
716,1291,-1
716,1406,0
716,449,1
716,624,-1
716,756,-1
716,297,0
716,158,1
716,571,1
717,708,1
717,331,1
717,406,1
717,144,1
717,567,1
717,595,-1
717,685,-1
717,238,1
718,1054,1
718,1235,1
718,124,1
718,922,1
718,1061,1
718,1180,1
718,171,-1
718,451,-1
718,584,1
718,316,-1
718,917,1
719,471,1
719,827,0
719,295,1
719,622,1
719,406,1
719,601,1
719,303,1
719,768,1
719,1141,1
719,691,-1
719,1143,-1
720,1071,0
720,523,-1
720,849,-1
720,1024,1
720,560,-1
721,1087,-1
721,1179,0
721,1282,0
721,215,-1
721,1392,-1
721,623,-1
722,352,-1
722,915,-1
722,792,1
722,242,-1
722,800,1
722,665,1
723,500,1
723,745,0
723,708,1
723,1066,0
723,322,-1
723,452,1
723,103,1
724,298,-1
724,340,-1
724,722,-1
724,1164,-1
724,115,1
725,916,0
725,539,0
725,498,-1
725,1153,1
726,638,1
726,775,1
726,814,-1
726,1407,-1
726,688,1
726,843,0
726,120,1
726,528,0
727,28,1
727,261,1
727,771,-1
727,206,-1
727,960,1
727,5,1
727,30,1
727,575,1
728,1004,0
728,972,1
728,996,0
728,272,0
728,800,1
728,620,0
729,913,0
729,1077,1
729,891,0
729,566,1
730,625,0
730,53,-1
730,1296,-1
730,1098,1
730,232,-1
730,1379,-1
730,487,-1
730,1079,0
731,154,1
731,503,-1
731,55,-1
731,110,1
731,115,1
731,394,1
731,141,-1
732,660,1
732,623,-1
732,202,1
732,1174,1
732,483,-1
733,1132,1
733,1144,1
733,549,0
733,1207,-1
733,35,1
733,282,1
733,420,1
733,1268,-1
734,1178,1
734,85,-1
734,202,1
734,1371,0
734,211,-1
735,51,1
735,166,-1
735,782,1
735,23,0
735,288,1
735,803,1
735,989,1
736,1265,0
736,1351,1
736,312,0
736,1292,-1
737,669,-1
737,488,-1
737,555,1
737,517,-1
737,988,1
738,70,1
738,679,1
738,842,-1
738,3,0
738,235,1
738,407,1
739,285,-1
739,590,1
739,277,0
739,5,1
740,937,1
740,1115,1
740,1365,-1
740,241,1
740,1180,1
740,306,1
741,11,1
741,214,1
741,973,-1
741,1378,-1
742,280,1
742,637,1
742,370,1
742,385,1
742,432,0
742,794,0
742,1138,1
743,192,-1
743,53,-1
743,887,-1
743,893,1
744,1070,1
744,1011,-1
744,1215,-1
744,699,0
744,1340,1
745,848,0
745,233,1
745,1363,1
745,1167,0
745,211,-1
745,31,1
745,764,1
746,646,-1
746,1422,-1
746,998,0
746,561,1
746,9,1
747,898,-1
747,426,1
747,218,-1
747,82,-1
747,978,1
747,521,1
747,168,0
747,1311,-1
747,493,1
747,284,-1
747,691,-1
747,12,1
748,1343,-1
748,452,1
748,941,0
749,1229,1
749,241,1
749,1227,1
749,1017,1
749,302,1
749,1415,1
749,926,-1
749,880,-1
750,412,-1
750,1177,-1
750,191,1
750,1130,-1
750,1140,0
750,838,1
750,1297,-1
751,1075,1
751,1167,0
751,1327,-1
751,533,1
751,56,1
751,721,0
751,392,0
751,412,-1
751,600,-1
752,286,0
752,396,-1
752,1194,0
752,979,-1
752,462,-1
752,297,0
753,1360,0
753,429,-1
753,516,1
753,1325,1
753,53,-1
754,482,1
754,1154,-1
754,773,1
754,804,-1
754,1174,1
754,291,1
754,975,-1
754,217,1
755,648,-1
755,726,-1
755,613,-1
755,1023,1
755,1180,1
755,400,1
755,794,0
755,1309,-1
756,451,-1
756,605,1
756,1040,1
756,1373,1
756,868,0
756,1256,0
756,951,-1
757,1316,1
757,890,1
757,1001,1
757,367,1
757,1159,0
757,715,-1
757,1152,0
758,339,1
758,729,1
758,925,1
758,1219,1
758,294,0
758,678,-1
759,435,-1
759,127,0
759,224,-1
759,1379,-1
759,284,-1
759,912,1
760,253,1
760,1373,1
760,336,-1
760,1179,0
760,356,1
760,588,1
760,1069,1
761,1047,1
761,109,-1
761,121,-1
761,870,1
761,943,1
762,675,-1
762,171,-1
762,1269,-1
762,184,1
762,726,-1
762,653,1
762,212,1
763,1042,-1
763,1328,-1
763,238,1
763,62,-1
763,141,-1
763,794,0
763,1121,-1
764,224,-1
764,420,1
764,298,-1
765,286,0
765,1029,1
765,994,1
765,905,0
766,432,0
766,449,1
766,494,1
766,834,1
767,1032,1
767,1273,1
767,739,0
767,1346,0
767,490,-1
768,1069,1
768,1329,1
768,1260,1
768,1379,-1
768,971,-1
768,953,-1
768,1016,-1
769,1122,1
769,604,1
769,642,0
769,133,-1
769,1217,1
769,953,-1
770,259,0
770,1027,-1
770,673,1
770,86,1
770,1178,1
770,891,0
770,463,1
771,1140,0
771,1255,-1
771,483,-1
771,898,-1
771,921,1
771,1073,-1
772,676,1
772,1277,1
772,422,1
772,936,-1
772,642,0
772,236,0
773,192,-1
773,1240,0
773,1288,0
773,374,1
773,61,1
774,1095,-1
774,1406,0
774,242,-1
774,139,1
774,726,-1
774,1087,-1
775,123,-1
775,437,0
775,510,-1
775,494,1
775,667,1
775,1338,1
776,991,-1
776,388,-1
776,571,1
776,837,1
776,782,1
776,1119,1
777,1170,1
777,1228,0
777,1389,0
777,537,1
777,221,1
777,1383,1
777,335,1
777,891,0
778,1419,-1
778,582,0
778,287,1
778,694,-1
778,285,-1
778,521,1
778,174,0
779,1056,-1
779,176,-1
779,368,0
779,789,0
779,130,-1
779,195,1
779,74,-1
780,491,-1
780,704,1
780,290,1
780,701,1
780,508,0
780,1046,-1
781,391,-1
781,1248,1
781,31,1
781,1143,-1
781,1349,-1
781,1250,0
782,607,-1
782,1126,0
782,481,1
783,972,1
783,416,1
783,451,1
783,950,1
784,158,1
784,193,-1
784,510,-1
784,1338,1
785,679,1
785,1112,1
785,1217,1
785,1138,1
785,877,0
786,212,1
786,685,-1
786,342,0
786,378,0
786,879,1
787,1005,1
787,1255,0
787,867,-1
787,785,1
787,119,1
787,1299,1
788,1246,-1
788,524,-1
788,1088,1
788,80,1
788,995,1
789,335,1
789,5,1
789,1400,-1
789,1074,1
789,272,0
789,1293,1
789,1264,-1
789,1363,-1
790,41,1
790,1273,1
790,411,-1
790,635,1
790,1298,1
791,29,1
791,784,1
791,1083,0
791,338,-1
792,631,1
792,43,1
792,181,-1
792,82,-1
792,874,-1
792,432,0
792,332,1
793,738,1
793,654,-1
793,161,-1
793,1057,0
793,647,1
793,1343,-1
793,173,1
793,1164,-1
794,533,1
794,1409,0
794,1359,-1
794,1195,-1
795,859,0
795,117,-1
795,700,1
795,260,-1
795,1020,0
796,1,1
796,316,-1
796,1391,1
796,45,1
796,387,-1
797,1069,1
797,800,1
797,227,-1
797,1168,-1
797,1372,-1
797,854,0
797,520,1
798,284,-1
798,1167,0
798,187,1
798,138,1
798,50,1
798,189,0
798,162,0
798,1233,-1
799,1405,1
799,1366,-1
799,1119,1
799,278,-1
799,1145,0
800,1194,0
800,788,1
800,337,-1
800,1143,-1
800,724,1
800,187,1
800,1170,1
801,835,1
801,921,1
801,307,-1
801,613,-1
801,179,-1
801,91,-1
801,135,0
802,209,-1
802,1315,1
802,499,-1
802,1174,1
802,1078,-1
802,1375,-1
802,692,-1
803,686,1
803,1359,-1
803,784,1
803,9,1
803,372,1
804,82,-1
804,875,-1
804,365,-1
804,67,1
804,685,-1
804,548,1
804,813,1
804,449,1
805,1164,-1
805,227,-1
805,902,1
805,208,0
805,414,1
805,1333,1
805,102,1
806,226,1
806,449,1
806,973,-1
806,710,-1
806,1415,1
806,974,1
806,644,0
806,943,1
807,286,0
807,1007,1
807,1389,0
807,473,1
807,419,0
807,82,-1
807,278,-1
807,279,1
807,340,-1
807,465,1
808,475,1
808,1265,0
808,675,-1
808,767,-1
808,454,0
808,1372,-1
808,1000,1
808,268,-1
809,573,1
809,744,-1
809,702,1
809,52,-1
809,1137,-1
809,1179,0
809,846,-1
809,710,-1
809,317,-1
810,302,1
810,155,1
810,169,1
810,396,-1
811,149,1
811,1395,1
811,442,-1
811,285,-1
811,1038,0
811,761,0
811,484,-1
812,620,0
812,1119,1
812,107,0
812,844,1
812,690,0
812,762,1
812,1129,1
813,471,1
813,900,0
813,1050,1
813,702,1
813,926,-1
813,528,0
813,965,0
814,330,-1
814,688,1
814,1195,-1
814,1156,-1
814,232,-1
814,1004,0
815,1223,-1
815,467,-1
815,831,1
815,1321,1
815,218,-1
815,460,-1
816,1177,-1
816,809,-1
816,728,1
816,14,0
817,614,0
817,876,1
817,528,0
817,1060,-1
817,1291,-1
817,324,1
817,542,1
818,1247,0
818,475,1
818,45,1
818,286,0
818,1273,1
819,193,-1
819,672,-1
819,587,1
819,570,1
819,1372,-1
820,976,-1
820,1274,-1
820,1251,-1
820,86,1
820,291,1
820,816,1
820,1172,-1
820,188,-1
821,725,1
821,1184,-1
821,1254,1
821,225,0
821,1338,1
821,1208,1
821,316,-1
821,853,1
821,14,0
821,21,1
822,892,-1
822,318,1
822,150,0
822,303,1
822,88,1
822,1361,0
822,422,1
823,286,0
823,618,-1
823,327,0
823,625,0
823,727,1
823,608,1
824,1094,0
824,366,0
824,703,1
824,306,1
824,172,1
824,664,1
825,240,1
825,591,-1
825,1349,-1
826,1271,-1
826,1101,-1
826,520,1
826,285,-1
826,1142,1
826,615,1
826,167,-1
826,217,1
827,1269,-1
827,1195,-1
827,902,1
827,342,0
827,250,1
827,711,-1
827,1057,0
827,1027,-1
827,709,0
828,535,0
828,967,-1
828,1224,1
828,1102,-1
828,415,1
828,1122,1
828,1412,1
829,229,0
829,1414,0
829,758,-1
829,1058,0
829,872,1
829,18,-1
829,355,1
830,1108,0
830,670,1
830,966,0
830,920,-1
830,1066,0
830,877,0
830,69,0
830,1229,1
831,383,0
831,1123,-1
831,1027,-1
831,891,0
831,56,1
832,128,-1
832,677,1
832,582,0
832,1281,-1
832,1098,1
832,517,-1
833,539,0
833,1071,0
833,1328,-1
833,1090,1
833,1195,-1
833,118,0
834,365,1
834,344,1
834,1372,-1
834,137,-1
834,679,1
834,200,1
835,197,-1
835,594,0
835,176,1
835,195,1
835,239,-1
835,134,1
835,60,1
836,27,1
836,231,1
836,77,0
836,382,-1
836,1153,1
837,551,1
837,498,-1
837,464,1
837,426,1
837,239,-1
837,166,-1
838,995,1
838,1004,0
838,629,1
838,1228,0
838,453,1
838,884,-1
838,186,1
838,954,-1
838,516,1
839,892,-1
839,1094,0
839,650,-1
839,1210,-1
839,1115,1
839,392,0
839,847,1
839,40,1
840,493,1
840,795,1
840,376,1
840,117,-1
840,1255,1
840,841,0
840,541,1
841,641,0
841,1194,0
841,1087,-1
841,173,1
841,1303,1
841,1278,-1
842,1069,1
842,166,-1
842,1138,1
842,1419,-1
842,34,1
842,1319,1
843,1010,1
843,390,0
843,531,1
843,561,1
843,403,-1
843,78,-1
843,508,0
843,1186,0
844,1362,0
844,840,-1
844,1053,-1
844,1393,1
844,1263,1
844,425,1
845,561,1
845,1008,0
845,147,1
845,96,1
845,1379,-1
845,734,1
846,817,-1
846,647,1
846,1365,-1
846,497,-1
846,1179,0
846,353,0
846,976,-1
847,605,1
847,1051,1
847,661,1
847,1111,0
847,1104,0
848,336,-1
848,640,1
848,407,1
848,1076,0
849,286,0
849,1247,-1
849,1375,-1
849,946,-1
849,605,1
849,1006,-1
849,1318,0
849,331,1
849,654,-1
850,1420,1
850,105,-1
850,79,1
850,1410,1
850,444,1
850,303,1
850,885,1
850,482,1
851,146,1
851,1203,0
851,1393,1
851,96,1
851,47,1
851,887,1
852,848,0
852,1188,1
852,1304,0
852,949,0
852,66,-1
852,1106,-1
852,1218,1
852,536,1
853,461,1
853,958,0
853,121,-1
853,57,1
853,310,0
853,556,-1
854,741,-1
854,683,-1
854,651,-1
854,712,-1
854,1112,1
854,436,1
854,714,-1
855,633,1
855,379,-1
855,494,1
855,434,1
855,597,1
855,594,0
855,769,-1
856,943,1
856,311,0
856,86,1
856,1282,0
856,671,1
856,433,0
856,175,0
857,650,-1
857,1063,1
857,713,0
857,628,0
857,270,0
857,1362,0
857,150,0
858,249,1
858,326,1
858,272,0
858,869,1
858,522,1
858,1107,0
858,1016,-1
858,908,1
858,807,0
858,1065,-1
859,350,-1
859,1344,-1
859,947,-1
859,279,1
859,1382,-1
860,836,1
860,1173,0
860,1328,-1
860,1375,-1
860,55,-1
861,1369,-1
861,90,-1
861,1248,1
861,202,1
861,998,0
861,1013,1
861,894,-1
862,1404,-1
862,1285,-1
862,1385,-1
862,1001,1
862,1329,1
862,794,0
862,1275,0
862,2,-1
862,1097,-1
862,753,-1
863,1077,1
863,407,1
863,737,1
863,189,0
863,438,0
863,1047,1
863,804,-1
864,1253,-1
864,400,1
864,797,-1
864,1381,-1
865,67,1
865,1175,1
865,590,-1
865,8,-1
865,883,-1
865,320,0
865,25,-1
866,903,-1
866,743,1
866,227,-1
866,819,1
867,726,-1
867,1043,1
867,1049,-1
867,1254,1
867,1252,1
868,1189,1
868,1389,0
868,317,-1
868,1134,1
868,72,0
869,545,-1
869,1156,-1
869,674,0
869,1241,-1
869,13,1
869,951,-1
870,1093,-1
870,100,1
870,899,1
870,416,1
870,779,-1
870,1235,1
870,288,1
870,38,0
871,1241,-1
871,27,1
871,305,-1
871,717,-1
871,574,1
871,671,1
871,374,1
871,266,-1
871,1307,0
872,113,1
872,1007,0
872,488,-1
872,95,-1
872,853,1
872,956,-1
872,268,-1
872,1296,-1
872,289,1
873,755,1
873,269,-1
873,312,0
873,111,1
873,526,0
873,226,1
873,360,1
873,1384,1
873,405,0
873,1195,-1
874,534,1
874,1385,-1
874,1151,1
874,1021,0
874,544,1
875,187,1
875,476,1
875,1233,-1
875,1092,-1
875,84,-1
876,650,-1
876,1048,-1
876,493,1
876,39,0
876,738,1
876,155,1
876,529,-1
876,1131,-1
877,1146,1
877,1226,1
877,691,-1
877,292,-1
877,259,0
878,1091,0
878,1194,0
878,715,-1
878,72,0
878,624,-1
879,927,-1
879,124,1
879,313,1
879,1045,-1
879,611,0
879,184,1
879,452,1
879,684,-1
880,1413,-1
880,1192,1
880,15,0
880,115,1
881,599,1
881,220,-1
881,1288,0
881,572,-1
881,770,1
881,1342,1
881,848,0
881,151,-1
881,950,1
881,249,1
882,1418,1
882,1209,1
882,1223,-1
882,649,1
882,309,-1
882,543,1
883,1146,1
883,398,1
883,877,0
883,719,1
883,1312,1
883,1413,-1
883,310,0
883,51,1
884,395,-1
884,1175,1
884,1160,1
884,554,1
884,845,1
884,1344,1
884,921,1
885,998,0
885,453,1
885,1129,1
885,764,1
886,858,1
886,1283,1
886,654,-1
886,1146,1
886,1075,1
886,48,0
886,36,1
886,878,-1
886,1247,0
886,1284,-1
887,924,1
887,212,1
887,814,-1
887,968,1
887,849,-1
887,1150,1
888,956,0
888,381,1
888,133,-1
888,976,-1
888,823,0
888,1230,0
888,551,1
888,1092,-1
889,1184,-1
889,153,1
889,348,-1
889,260,-1
889,966,0
889,1243,1
889,211,-1
889,403,0
890,957,-1
891,18,1
891,593,1
891,698,-1
891,1226,1
891,926,-1
892,293,1
892,535,0
892,1338,1
892,610,0
892,150,0
892,784,1
892,636,-1
892,1027,-1
893,255,1
893,941,0
893,365,1
893,796,-1
893,1203,0
893,804,-1
893,318,1
893,1183,-1
893,1350,1
893,560,-1
894,976,-1
894,890,1
894,1156,-1
894,915,-1
894,218,-1
894,268,-1
895,1294,1
895,31,1
895,269,-1
895,113,1
896,110,1
896,300,0
896,40,1
896,1138,1
896,628,0
896,260,-1
896,1051,1
896,371,1
896,622,1
896,1017,1
897,72,0
897,1363,1
897,1194,0
897,714,-1
897,1208,1
897,1367,-1
897,235,1
897,705,-1
898,162,0
898,234,-1
898,1071,0
898,96,1
899,1411,1
899,65,-1
899,578,-1
899,518,1
899,722,-1
899,572,1
899,740,0
899,1157,0
900,997,-1
900,44,-1
900,1281,-1
901,1247,0
901,1321,1
901,174,0
901,556,-1
901,79,1
901,1192,1
901,246,1
901,512,1
901,95,-1
902,1269,-1
902,1007,0
902,272,0
902,921,1
902,361,1
902,1321,1
902,1369,-1
902,462,-1
902,216,1
903,1192,1
903,783,0
903,987,1
903,382,-1
903,90,-1
903,1301,0
904,987,1
904,948,1
904,683,-1
904,370,1
904,282,1
905,446,-1
905,900,0
905,177,-1
905,858,1
905,880,1
905,410,-1
905,203,1
905,597,1
906,1278,-1
906,56,1
906,260,-1
906,823,0
906,517,-1
906,35,1
906,750,0
906,559,-1
907,1152,0
907,985,1
907,257,-1
907,22,0
907,1160,1
907,38,0
907,1075,1
907,489,0
908,1310,1
908,117,-1
908,564,-1
908,369,1
908,631,1
909,554,1
909,396,-1
909,1184,-1
909,1299,1
909,1003,0
910,509,0
910,292,-1
910,1293,1
910,494,1
910,838,1
910,574,1
910,969,1
911,344,0
911,29,1
911,133,-1
911,786,-1
911,701,1
912,929,-1
912,378,0
912,937,1
912,1058,0
912,1185,-1
912,555,1
912,1189,1
912,1168,-1
912,796,-1
913,1019,0
913,352,-1
913,1338,1
913,254,0
913,1185,-1
913,518,1
914,1085,-1
914,119,1
914,721,0
914,31,1
914,838,1
914,1248,1
915,1363,1
915,180,0
915,1174,1
915,545,-1
915,892,-1
915,1333,1
915,1294,1
915,1068,-1
916,788,1
916,732,-1
916,906,0
916,499,-1
916,22,0
916,29,-1
916,968,1
916,623,-1
917,353,0
917,1185,-1
917,1255,0
917,1375,-1
917,291,1
917,13,1
917,1219,1
917,892,-1
918,78,-1
918,593,1
918,1386,0
918,770,-1
918,332,1
919,5,1
919,347,1
919,816,1
919,265,0
919,120,1
919,833,-1
919,778,1
919,1087,-1
920,909,-1
920,1008,0
920,1322,-1
920,694,-1
921,650,-1
921,1048,-1
921,288,1
921,494,1
921,521,1
921,785,1
921,783,0
921,255,1
922,126,-1
922,755,1
922,846,-1
922,142,1
922,1122,1
922,1066,0
922,38,0
922,1261,0
922,413,1
923,15,0
923,524,1
923,1273,1
923,1037,-1
923,501,1
923,1259,-1
923,226,1
923,735,0
924,612,0
924,647,1
924,990,-1
924,169,1
924,1201,1
924,116,-1
924,444,1
925,172,1
925,862,-1
925,1166,-1
925,425,1
925,634,1
925,104,1
925,514,-1
925,563,1
926,585,1
926,163,1
926,516,1
926,592,1
926,731,-1
926,783,0
926,1155,0
926,858,1
927,1221,-1
928,1068,-1
928,770,-1
928,879,1
928,307,-1
928,200,1
928,757,-1
929,1026,1
929,673,1
929,726,-1
930,150,0
930,1114,0
930,1070,1
930,201,1
931,1396,1
932,1035,0
932,470,1
932,1264,-1
932,195,1
933,932,1
933,1187,1
933,220,-1
933,388,-1
933,1146,1
933,1021,0
933,50,1
933,389,-1
933,896,-1
934,1120,1
934,1168,-1
934,899,1
934,312,-1
934,588,1
934,925,1
934,430,1
934,834,-1
934,452,1
935,178,1
935,419,0
935,354,1
935,1145,0
935,606,1
935,163,1
935,728,1
936,172,1
936,1152,0
936,1303,1
936,273,1
936,604,1
937,1302,0
937,1325,1
937,722,-1
937,56,1
937,1393,1
937,744,1
937,331,1
938,1084,1
938,1146,1
938,1393,1
938,373,-1
938,33,0
938,184,1
939,1332,0
939,850,-1
939,52,-1
939,218,-1
939,313,1
939,1036,-1
939,523,0
939,715,-1
940,1313,1
940,79,1
940,1234,1
940,1017,1
940,489,0
940,538,-1
940,1032,1
941,1282,0
941,772,0
941,893,1
941,704,1
941,868,0
942,739,-1
942,1324,1
942,616,-1
942,33,0
942,342,0
942,189,0
942,519,1
942,1281,-1
942,144,1
942,1375,-1
942,117,-1
942,1353,-1
943,1368,1
943,277,0
943,426,1
943,369,-1
943,1079,0
943,774,1
944,279,1
944,373,-1
944,160,-1
944,1260,1
944,102,1
944,119,1
944,165,-1
944,396,-1
944,938,1
945,229,-1
945,1009,1
945,527,1
945,784,1
945,1223,-1
945,1300,0
946,590,1
946,1241,-1
946,461,1
946,316,-1
946,36,-1
946,1358,-1
946,1234,1
946,1224,-1
946,1006,0
947,56,1
947,868,1
947,550,-1
947,1394,1
947,645,0
947,454,0
947,407,1
947,1294,1
948,1160,1
948,725,1
948,984,1
948,699,0
948,609,1
949,961,-1
949,69,0
949,437,0
949,895,-1
949,252,1
949,11,1
950,788,1
950,169,1
950,826,-1
950,455,1
950,290,1
950,384,-1
950,289,1
950,1049,-1
950,342,0
951,1018,1
951,453,1
951,152,1
952,373,-1
952,1350,1
952,1095,-1
952,463,1
952,855,1
952,1139,1
952,70,1
952,986,1
952,787,-1
953,40,1
953,982,-1
953,1317,1
954,211,-1
954,359,-1
954,455,1
954,302,1
954,64,1
954,80,-1
954,611,0
955,368,-1
955,970,1
955,1246,-1
955,384,-1
955,1177,-1
956,1227,1
956,877,0
956,1147,-1
956,478,-1
956,550,-1
956,395,1
956,326,1
956,244,0
957,316,-1
957,251,1
957,568,-1
958,672,-1
958,779,-1
958,266,-1
958,63,1
958,941,0
958,1333,-1
958,732,-1
958,1198,1
958,818,-1
959,954,-1
959,808,-1
959,81,-1
960,257,-1
960,764,1
960,1405,1
960,1365,-1
960,158,1
960,79,1
960,215,-1
960,1220,0
960,1319,1
960,656,0
960,1225,1
961,300,0
961,18,-1
961,945,1
961,711,-1
961,1282,0
961,1269,-1
962,639,-1
962,691,-1
962,923,-1
962,37,1
962,284,-1
962,566,-1
962,705,-1
963,18,-1
963,419,0
963,620,0
963,235,1
963,157,1
964,750,0
964,1046,-1
964,1234,1
964,1393,1
964,814,-1
964,35,1
965,1145,0
965,328,1
965,784,1
965,45,1
965,1423,1
965,1218,1
965,1178,1
966,497,-1
966,611,0
966,1033,1
966,794,0
966,137,-1
967,1368,1
967,352,-1
968,893,1
968,1262,1
968,687,0
968,307,-1
968,1356,-1
969,1233,-1
969,911,1
969,788,1
969,1237,0
969,328,-1
969,1089,1
969,685,-1
969,956,0
969,700,1
969,383,0
970,772,0
970,470,1
970,1415,1
970,844,1
970,316,-1
970,144,1
970,1262,1
970,486,1
970,1118,1
970,656,0
970,599,1
970,677,1
971,611,0
971,159,1
971,417,1
971,1087,-1
971,589,-1
971,1033,1
971,135,0
971,363,1
971,181,-1
972,229,0
972,460,-1
972,113,1
972,579,-1
972,1027,-1
972,384,-1
973,977,1
973,574,1
973,498,-1
974,252,1
974,218,1
974,488,-1
974,867,-1
974,646,-1
975,499,-1
975,952,1
975,429,-1
976,582,0
976,315,-1
976,1220,0
977,1195,-1
977,1424,-1
977,1402,0
977,825,-1
977,517,-1
978,123,-1
978,915,-1
978,195,1
978,168,0
978,966,0
979,1267,-1
979,879,1
979,1147,-1
979,880,1
979,474,1
979,1263,-1
980,735,0
980,685,-1
980,414,1
980,190,-1
980,805,-1
980,840,-1
980,86,1
981,91,-1
981,632,1
981,1373,1
981,1140,0
981,821,1
982,330,-1
982,70,1
982,1195,-1
982,725,1
982,1131,0
982,41,1
983,1020,0
983,36,1
983,1171,-1
983,443,0
983,264,1
983,1254,1
983,1121,-1
983,19,1
984,166,-1
984,1355,1
984,1006,0
984,654,-1
984,292,-1
984,876,1
984,1075,1
984,320,0
984,1113,0
985,496,1
985,151,-1
985,713,0
985,470,1
985,104,1
986,1147,-1
986,805,-1
986,1251,-1
987,375,1
987,1222,1
987,527,1
987,1243,1
987,1160,1
987,426,1
987,26,0
988,1259,-1
988,312,0
988,1138,1
988,950,1
989,968,1
989,517,-1
989,1307,0
989,747,-1
989,582,0
989,1243,1
989,802,-1
989,844,1
989,224,-1
990,758,-1
990,916,0
990,1270,1
990,183,0
990,135,0
990,397,1
990,1190,1
990,1232,1
991,411,-1
991,1081,-1
991,957,-1
991,561,1
991,1109,-1
991,628,0
991,677,1
991,1122,1
992,98,0
992,89,-1
992,653,1
992,147,1
992,733,1
992,787,-1
993,1148,1
993,1281,-1
994,630,1
994,357,1
994,1239,0
994,787,-1
994,659,-1
994,1323,0
994,86,1
995,1410,1
995,681,1
995,609,1
995,593,1
996,701,1
996,1046,-1
996,1380,-1
996,1305,1
996,1199,-1
996,1227,1
997,956,0
997,720,0
997,146,1
997,369,1
998,232,-1
998,220,-1
998,917,1
998,420,1
998,550,-1
998,134,1
998,1295,1
999,1308,-1
999,1257,1
999,681,1
999,1122,1
999,922,1
1000,462,-1
1000,53,-1
1000,163,1
1000,1288,-1
1000,1154,-1
1001,360,1
1001,1246,-1
1001,655,0
1001,1293,1
1001,1164,-1
1001,591,-1
1001,651,-1
1001,779,-1
1001,1066,0
1002,880,1
1002,81,-1
1002,404,0
1002,1298,1
1002,1072,1
1003,763,-1
1003,352,-1
1003,13,1
1003,356,1
1003,1309,-1
1004,260,-1
1004,634,1
1004,326,1
1004,298,-1
1005,365,1
1005,131,1
1005,91,-1
1005,329,0
1005,642,0
1005,780,-1
1005,1208,1
1006,550,-1
1006,314,1
1006,655,0
1006,1388,1
1006,838,1
1006,997,-1
1006,1032,1
1006,297,0
1006,727,1
1007,700,1
1007,1401,1
1007,655,0
1007,1263,1
1007,334,0
1007,196,1
1008,742,1
1008,647,1
1008,622,1
1008,1191,1
1008,837,1
1008,724,1
1009,737,1
1009,398,1
1009,760,0
1009,97,-1
1010,1032,1
1010,360,1
1010,1097,-1
1010,1294,1
1010,1344,-1
1010,372,-1
1010,418,1
1011,592,1
1011,427,1
1011,994,1
1011,219,1
1011,608,1
1011,398,1
1011,1165,-1
1012,1303,1
1012,1041,-1
1012,419,0
1012,1327,-1
1012,727,1
1012,1242,1
1012,1367,-1
1012,1381,-1
1013,482,1
1013,1063,1
1013,123,-1
1013,967,-1
1013,1234,1
1014,450,-1
1014,839,1
1014,514,-1
1014,918,1
1014,692,-1
1014,914,-1
1015,640,1
1015,1037,-1
1015,902,1
1015,1352,1
1015,1115,1
1015,33,0
1015,357,1
1015,959,-1
1015,113,1
1016,759,1
1016,1261,0
1016,1334,-1
1016,1179,0
1016,716,-1
1016,387,1
1016,820,1
1016,306,1
1016,432,0
1017,1203,0
1017,381,1
1017,615,1
1017,937,1
1017,1058,0
1017,634,1
1017,759,1
1018,1110,1
1018,55,-1
1018,1332,0
1018,60,1
1018,1006,0
1018,862,-1
1019,1105,1
1019,154,1
1019,135,0
1019,989,1
1019,752,-1
1020,39,0
1020,828,1
1020,395,1
1020,1270,1
1020,146,1
1021,985,1
1021,527,1
1021,282,1
1021,746,-1
1021,933,-1
1022,1064,-1
1022,885,1
1022,210,0
1022,605,1
1022,461,1
1022,25,-1
1022,290,1
1022,164,1
1023,727,1
1023,1147,-1
1023,806,0
1023,733,1
1023,153,1
1023,690,0
1024,978,1
1024,556,-1
1024,11,1
1024,1412,1
1024,740,0
1024,1410,1
1024,984,1
1024,1029,1
1025,882,1
1025,454,0
1025,524,1
1025,118,0
1025,171,-1
1025,196,1
1026,697,-1
1026,1304,1
1026,54,1
1026,298,-1
1026,816,1
1026,1214,1
1026,352,-1
1027,302,1
1027,1041,-1
1027,829,1
1027,340,-1
1027,107,0
1028,270,-1
1028,1016,-1
1028,349,-1
1028,20,1
1028,1375,-1
1028,938,1
1028,1336,-1
1028,650,-1
1029,1342,1
1029,969,1
1029,261,1
1029,1115,1
1029,930,0
1029,557,1
1029,92,1
1029,1310,1
1030,351,-1
1030,1270,1
1030,195,1
1030,1320,1
1030,367,1
1030,1052,1
1031,886,-1
1031,1200,1
1031,590,1
1031,533,1
1031,1417,1
1031,1025,1
1031,972,1
1031,566,1
1031,1315,1
1032,603,-1
1032,789,0
1033,951,-1
1033,226,1
1033,535,0
1033,1298,1
1033,484,-1
1033,664,1
1033,724,1
1033,728,1
1033,1357,1
1033,1201,-1
1034,1176,0
1034,3,0
1034,135,0
1034,1274,-1
1034,1318,0
1034,1186,0
1034,1002,0
1034,1408,0
1034,81,-1
1034,66,-1
1035,1064,-1
1035,166,-1
1035,1320,1
1035,569,1
1035,497,-1
1036,861,-1
1036,351,-1
1036,596,-1
1036,277,0
1036,750,0
1036,594,0
1036,921,-1
1037,1293,1
1037,369,1
1037,174,0
1037,659,-1
1037,360,1
1037,701,1
1037,953,-1
1038,1061,-1
1038,935,1
1038,1342,1
1038,1180,1
1039,1042,-1
1039,1258,-1
1039,136,-1
1039,934,1
1039,460,-1
1039,1407,-1
1039,169,1
1039,1421,1
1040,1330,-1
1040,12,1
1041,500,1
1041,1421,1
1041,318,1
1041,616,-1
1042,41,1
1042,795,1
1042,45,1
1042,676,1
1042,855,1
1042,1196,0
1042,124,1
1043,335,1
1043,791,-1
1043,296,1
1043,282,1
1043,174,0
1044,1412,1
1044,219,1
1044,110,1
1044,915,-1
1045,1329,1
1045,1101,-1
1045,1052,1
1045,77,0
1045,1188,-1
1045,277,0
1046,1283,1
1046,74,-1
1046,869,1
1046,474,1
1046,1246,-1
1046,1304,0
1046,2,-1
1046,141,-1
1046,771,-1
1047,932,1
1047,685,-1
1047,893,1
1047,1318,0
1047,439,-1
1047,1359,-1
1047,1209,1
1047,735,0
1048,1276,1
1048,38,0
1048,1094,0
1048,1209,1
1048,46,1
1048,433,0
1048,323,-1
1049,1205,-1
1049,1045,-1
1049,555,1
1049,1356,-1
1049,599,1
1050,921,1
1050,1051,1
1050,738,1
1050,321,1
1050,1369,-1
1050,53,-1
1050,55,-1
1050,43,1
1050,54,1
1051,1208,1
1051,1149,1
1051,1166,-1
1051,988,1
1051,814,-1
1051,1219,1
1051,1140,0
1051,948,1
1051,817,-1
1052,414,1
1052,935,1
1052,1327,-1
1052,932,1
1053,1150,1
1053,675,-1
1053,212,1
1053,1285,-1
1054,666,0
1054,101,-1
1054,1224,-1
1054,474,1
1055,1355,1
1055,1098,1
1055,248,0
1055,1218,1
1055,1366,-1
1055,525,0
1055,504,-1
1055,703,1
1055,1022,0
1055,1063,1
1056,1041,-1
1056,513,-1
1056,1236,1
1056,705,-1
1057,978,1
1057,717,-1
1057,200,1
1057,415,1
1057,990,-1
1057,629,1
1057,585,1
1057,453,1
1058,116,-1
1058,709,0
1058,1107,0
1058,1203,0
1058,1144,1
1058,789,0
1058,787,-1
1058,45,1
1059,747,-1
1059,385,1
1059,1057,0
1059,440,1
1059,1171,-1
1059,1302,0
1060,1217,1
1060,887,-1
1060,106,-1
1060,551,1
1060,249,1
1061,467,-1
1061,1104,0
1061,611,0
1061,1321,1
1061,488,-1
1061,799,0
1061,1378,-1
1061,572,-1
1062,1401,1
1062,275,0
1062,1178,1
1062,437,-1
1062,204,-1
1062,156,0
1062,486,1
1063,406,1
1064,1281,-1
1064,618,-1
1064,577,-1
1064,387,1
1064,606,1
1064,560,-1
1064,1196,0
1065,1376,-1
1065,487,-1
1065,620,0
1065,413,1
1065,492,1
1065,502,-1
1065,702,1
1065,776,-1
1065,1220,0
1066,549,0
1066,704,1
1066,713,0
1066,404,0
1067,1057,0
1067,778,-1
1067,464,1
1067,284,-1
1067,775,1
1067,299,0
1067,981,1
1067,319,-1
1068,937,1
1068,164,1
1068,1321,1
1068,1077,1
1068,1031,-1
1068,268,-1
1068,1043,1
1069,583,-1
1069,1192,1
1069,180,0
1069,931,0
1069,131,1
1069,1143,-1
1069,1296,-1
1070,1261,0
1070,106,-1
1070,720,0
1070,1362,0
1070,482,1
1070,1236,1
1071,1014,0
1071,1407,-1
1071,85,-1
1071,615,1
1072,468,1
1072,136,-1
1072,1071,0
1072,1336,-1
1072,255,1
1072,1068,-1
1072,583,-1
1073,743,1
1073,1355,1
1073,992,1
1073,746,-1
1073,1167,0
1073,241,1
1073,1008,0
1074,916,0
1074,532,1
1074,700,1
1074,915,-1
1074,163,1
1075,913,0
1075,969,1
1075,1157,0
1075,270,0
1075,586,0
1075,738,1
1075,1012,-1
1075,602,-1
1076,691,-1
1076,940,-1
1076,753,-1
1077,556,-1
1077,701,1
1077,256,-1
1077,811,0
1077,1101,-1
1078,860,-1
1078,1266,-1
1078,1201,1
1078,709,0
1078,622,1
1079,1082,1
1079,1376,-1
1079,81,-1
1079,120,1
1079,793,-1
1079,260,-1
1079,185,-1
1079,1266,-1
1079,747,-1
1080,227,-1
1080,482,1
1080,75,1
1081,257,-1
1081,508,0
1081,360,1
1081,643,-1
1081,331,1
1081,347,1
1082,498,-1
1082,1025,1
1082,267,-1
1082,24,-1
1082,512,-1
1083,220,-1
1083,1050,1
1083,283,1
1083,1058,0
1083,1270,1
1083,415,1
1083,145,1
1084,1004,0
1084,784,1
1084,839,1
1084,844,1
1084,1343,-1
1084,292,-1
1085,1159,0
1085,1029,1
1085,487,-1
1085,241,1
1085,264,1
1085,14,0
1085,478,-1
1085,135,0
1085,761,0
1086,1222,1
1086,784,1
1086,471,1
1086,1094,0
1086,1303,1
1086,986,1
1086,321,1
1086,1047,1
1087,470,1
1087,1103,1
1087,297,0
1087,819,1
1087,298,-1
1087,9,1
1087,1062,0
1088,778,1
1088,276,-1
1088,56,1
1088,579,-1
1088,1292,1
1088,897,1
1089,1409,0
1089,1143,-1
1089,714,-1
1089,764,1
1089,986,1
1090,564,-1
1090,1334,-1
1090,18,-1
1090,26,0
1090,648,-1
1090,1390,0
1091,1392,-1
1091,1296,-1
1091,138,1
1091,1086,0
1091,766,1
1091,127,0
1091,909,-1
1092,67,1
1092,1361,0
1092,1398,-1
1092,440,1
1092,508,0
1092,931,0
1093,833,-1
1093,316,-1
1093,800,1
1093,381,1
1093,120,1
1094,439,-1
1094,987,1
1094,453,1
1094,1327,-1
1094,1138,1
1094,632,1
1095,536,1
1095,164,1
1095,538,-1
1095,1354,1
1095,385,1
1095,1250,0
1095,1095,-1
1096,461,1
1096,456,1
1096,509,0
1097,190,-1
1097,148,1
1097,640,1
1097,443,0
1097,197,-1
1098,688,1
1098,1243,1
1098,540,1
1098,581,1
1099,667,1
1099,783,0
1099,53,-1
1100,1148,1
1100,68,1
1100,602,-1
1100,508,0
1100,24,-1
1101,750,-1
1101,834,1
1101,777,-1
1101,760,0
1102,859,0
1102,1279,0
1102,808,-1
1102,608,1
1102,509,0
1103,125,-1
1103,698,-1
1103,1374,-1
1103,1040,1
1103,543,1
1103,133,-1
1104,57,1
1104,1313,1
1104,520,1
1104,980,-1
1104,1183,-1
1104,832,1
1104,163,1
1104,102,1
1104,1233,-1
1105,972,1
1105,497,-1
1105,924,1
1105,905,0
1105,820,1
1105,833,-1
1106,945,1
1106,1143,-1
1106,679,1
1107,1041,-1
1107,1052,1
1107,169,1
1107,881,-1
1107,1368,1
1107,578,-1
1108,1357,1
1108,1113,0
1108,669,-1
1108,452,1
1108,801,1
1109,1398,-1
1109,1332,0
1109,107,0
1109,356,1
1109,1075,1
1109,1308,-1
1109,559,-1
1110,361,1
1110,1250,0
1110,1130,-1
1110,1325,1
1110,916,0
1110,246,-1
1110,717,-1
1111,1292,-1
1111,289,-1
1111,1288,0
1112,1204,1
1112,358,1
1112,1225,1
1112,924,1
1112,807,0
1112,320,0
1113,157,1
1113,273,1
1113,135,0
1113,267,-1
1114,962,1
1114,24,-1
1114,423,1
1114,273,1
1114,274,1
1114,703,1
1115,1212,1
1115,253,1
1115,1406,0
1115,187,1
1115,128,-1
1115,568,1
1115,1348,1
1116,1336,1
1116,167,-1
1116,573,1
1116,1256,0
1117,269,-1
1117,644,0
1117,318,1
1117,1158,-1
1117,350,-1
1117,1226,1
1117,527,1
1118,1112,1
1118,530,0
1118,312,0
1119,1151,1
1119,996,0
1119,440,1
1119,1254,1
1119,95,-1
1119,1202,-1
1120,962,-1
1120,1020,0
1120,264,1
1120,783,0
1121,884,-1
1121,34,1
1121,509,0
1121,1301,-1
1121,1323,0
1121,543,1
1121,669,-1
1121,1345,0
1121,1382,-1
1121,862,-1
1122,447,1
1122,408,0
1122,614,0
1122,364,1
1122,1411,1
1122,337,-1
1122,653,1
1122,993,1
1122,18,-1
1123,1215,-1
1123,101,-1
1123,1222,1
1123,244,0
1123,1035,0
1123,1156,-1
1123,849,-1
1124,148,1
1124,260,-1
1124,251,1
1124,1125,1
1124,927,-1
1124,65,-1
1124,1112,1
1124,837,1
1124,235,1
1124,1253,-1
1125,233,1
1125,784,1
1125,1165,-1
1125,81,-1
1126,740,0
1126,105,-1
1126,213,1
1126,27,1
1126,633,1
1126,175,0
1126,607,-1
1127,1254,1
1127,18,-1
1127,114,1
1127,471,1
1127,703,1
1127,1394,1
1128,666,0
1128,1010,1
1128,1367,-1
1128,756,-1
1128,1059,-1
1129,646,-1
1129,1256,0
1129,1046,-1
1129,592,1
1129,302,1
1129,275,0
1129,761,0
1129,464,1
1129,58,-1
1130,443,0
1130,1154,-1
1130,511,1
1130,1189,1
1130,280,0
1131,1173,0
1131,1,1
1131,356,1
1131,682,-1
1131,1230,0
1132,523,0
1132,1237,0
1132,889,1
1132,339,1
1132,474,1
1132,1209,1
1133,1399,0
1133,1324,1
1133,399,-1
1133,163,1
1133,171,-1
1133,911,1
1133,93,1
1134,316,-1
1134,1348,1
1134,165,-1
1134,63,1
1134,427,1
1134,104,1
1135,403,0
1135,594,0
1135,173,1
1135,30,1
1135,446,1
1136,997,-1
1136,1075,1
1136,192,-1
1136,1208,1
1136,836,1
1136,210,0
1137,149,1
1137,326,1
1137,485,-1
1137,356,1
1137,790,0
1137,1144,1
1137,821,1
1137,240,1
1138,1244,0
1138,1059,-1
1138,349,-1
1138,47,1
1138,597,1
1139,958,0
1139,46,1
1139,350,-1
1140,1284,-1
1140,142,1
1140,1287,1
1140,561,1
1140,1363,1
1140,629,1
1141,1193,1
1141,1255,0
1142,828,1
1142,921,1
1142,776,-1
1142,1073,-1
1142,227,-1
1142,53,-1
1142,920,-1
1142,877,0
1143,1365,-1
1143,1371,0
1143,374,1
1144,1148,1
1144,1334,-1
1144,500,-1
1144,180,0
1144,561,1
1144,1176,0
1145,388,-1
1145,1271,-1
1145,122,1
1145,432,0
1145,23,0
1145,783,0
1145,1083,0
1146,739,0
1146,1206,0
1146,741,-1
1146,367,1
1146,1369,-1
1146,1073,-1
1148,274,1
1148,111,1
1148,940,-1
1148,1314,1
1148,1309,-1
1148,1142,1
1148,915,-1
1148,793,-1
1148,1219,1
1148,1262,1
1149,854,0
1149,1371,0
1150,197,-1
1150,320,0
1150,415,1
1150,648,-1
1150,655,0
1150,796,-1
1150,591,-1
1150,175,0
1150,877,0
1150,495,0
1150,823,0
1151,943,1
1151,1050,1
1151,1036,-1
1151,196,1
1152,511,1
1152,524,1
1152,742,1
1152,1124,-1
1152,771,-1
1152,1008,0
1153,421,1
1153,417,1
1153,627,-1
1153,463,1
1153,257,-1
1153,867,-1
1153,1083,0
1153,397,1
1154,1170,1
1154,126,-1
1154,1069,1
1154,611,0
1154,1072,1
1154,256,-1
1154,1066,0
1154,1141,1
1154,993,-1
1155,19,1
1155,888,-1
1155,179,-1
1155,1382,-1
1155,1109,-1
1155,224,-1
1155,736,-1
1156,204,-1
1156,1323,-1
1156,816,-1
1156,1336,-1
1157,693,0
1157,1161,-1
1157,877,0
1157,1402,0
1157,735,0
1157,778,-1
1157,898,-1
1157,578,-1
1157,677,1
1157,1027,-1
1158,889,-1
1158,477,0
1158,630,1
1158,116,-1
1158,169,1
1158,852,1
1158,355,1
1158,227,-1
1159,168,0
1159,414,1
1159,209,-1
1159,535,0
1159,1374,-1
1160,669,-1
1160,1020,0
1160,88,-1
1160,599,1
1160,1055,1
1160,1386,0
1160,624,-1
1161,309,-1
1161,913,0
1161,1301,0
1161,23,0
1162,894,-1
1162,984,1
1162,1328,-1
1162,501,1
1162,828,1
1163,1174,1
1163,95,-1
1163,312,0
1163,589,-1
1163,1279,0
1163,88,-1
1164,238,1
1164,695,0
1164,1292,-1
1164,1100,0
1164,1125,1
1164,410,-1
1164,794,0
1164,687,0
1165,373,-1
1165,1236,1
1165,557,1
1165,508,0
1165,796,-1
1165,871,-1
1166,1366,-1
1166,1171,-1
1166,1018,1
1166,739,0
1166,466,1
1166,1156,-1
1167,518,1
1167,913,0
1167,1256,0
1167,1079,0
1167,1121,-1
1167,1310,1
1167,1119,1
1168,597,1
1168,1100,0
1168,775,1
1168,1161,-1
1169,155,1
1169,402,1
1169,968,1
1169,1347,1
1169,335,1
1170,328,-1
1170,1290,0
1170,77,0
1170,797,-1
1170,479,1
1170,466,1
1170,704,1
1171,1294,1
1171,927,-1
1171,432,0
1171,152,1
1171,321,1
1172,562,-1
1172,4,-1
1172,475,1
1172,93,1
1172,1264,-1
1172,1119,1
1172,350,-1
1173,566,1
1173,405,0
1173,775,1
1173,1341,-1
1173,94,1
1173,956,0
1173,1381,-1
1173,1317,1
1173,467,-1
1173,144,1
1174,264,1
1174,1196,0
1174,886,-1
1174,528,0
1175,802,-1
1175,1131,0
1175,780,-1
1175,315,-1
1175,412,-1
1175,1127,1
1176,1311,1
1176,394,1
1176,211,-1
1176,1112,1
1176,1258,-1
1177,1219,1
1177,576,-1
1177,217,1
1177,276,-1
1177,132,1
1177,1272,1
1177,240,1
1178,1207,-1
1178,452,1
1178,583,-1
1178,203,1
1178,783,0
1178,294,-1
1178,950,1
1178,631,-1
1178,647,1
1179,900,0
1179,800,1
1179,486,1
1179,963,0
1179,18,-1
1179,1188,1
1179,73,1
1179,369,1
1179,215,-1
1179,1336,-1
1180,1359,-1
1180,348,-1
1180,237,1
1180,802,-1
1180,1164,-1
1181,946,-1
1181,1266,-1
1181,103,1
1181,520,1
1181,1277,1
1181,925,1
1181,1336,-1
1182,1271,-1
1182,624,-1
1182,1042,-1
1182,100,1
1182,33,0
1183,88,-1
1183,914,-1
1183,785,1
1183,1156,-1
1183,1194,0
1183,894,-1
1184,677,1
1184,567,1
1184,740,0
1184,243,1
1184,539,0
1184,336,-1
1184,1196,0
1184,814,-1
1184,883,-1
1185,114,1
1185,583,-1
1185,1281,-1
1185,913,0
1185,685,-1
1185,1248,1
1185,803,1
1186,488,-1
1186,43,1
1186,625,0
1186,276,-1
1186,1148,1
1186,183,0
1187,1082,1
1187,290,1
1187,949,0
1187,189,0
1187,306,1
1187,656,0
1188,955,0
1188,909,-1
1188,608,1
1188,310,0
1188,794,1
1189,1221,-1
1189,2,-1
1189,225,0
1190,297,0
1190,811,0
1190,999,-1
1190,134,1
1190,369,1
1190,1392,-1
1190,906,0
1191,1406,0
1191,1026,1
1191,1368,1
1191,1245,1
1191,448,-1
1191,1280,0
1191,796,-1
1192,1388,1
1192,936,0
1192,759,1
1192,1056,-1
1193,741,-1
1193,414,1
1193,1422,-1
1193,1097,-1
1193,719,1
1193,402,1
1193,1138,1
1193,1423,1
1194,89,-1
1194,692,-1
1194,947,-1
1195,15,0
1195,700,1
1195,89,-1
1195,875,-1
1195,1102,-1
1195,1303,1
1195,972,1
1196,1396,1
1196,917,1
1196,536,1
1196,949,0
1196,1240,0
1196,50,1
1196,819,1
1196,67,1
1196,740,0
1196,486,1
1197,209,-1
1197,465,1
1197,150,0
1197,646,-1
1197,1259,-1
1198,1010,1
1198,593,1
1198,1311,1
1198,335,1
1198,1349,-1
1198,1203,0
1199,1327,-1
1199,847,1
1199,849,-1
1199,761,0
1199,559,-1
1199,759,1
1199,296,1
1199,731,-1
1200,180,0
1200,334,0
1200,934,1
1200,453,1
1200,460,-1
1200,1340,1
1200,196,1
1201,1061,1
1201,759,1
1201,596,-1
1201,1005,1
1201,798,1
1202,863,-1
1202,1031,-1
1202,1409,0
1202,1260,1
1202,805,-1
1202,244,0
1202,1223,-1
1202,403,0
1202,396,-1
1203,1209,1
1203,1340,1
1203,209,-1
1203,412,-1
1203,899,1
1203,691,-1
1203,774,1
1203,1059,-1
1204,975,-1
1204,576,-1
1204,772,0
1204,93,1
1204,1253,-1
1204,623,-1
1204,52,-1
1204,680,1
1204,441,-1
1204,647,1
1204,1114,0
1205,159,1
1205,596,-1
1205,1141,1
1205,723,-1
1205,573,1
1205,1205,-1
1205,765,1
1205,307,-1
1206,41,1
1206,727,1
1206,667,1
1206,870,1
1206,650,-1
1206,840,-1
1206,531,1
1207,1159,0
1207,1242,1
1207,918,1
1207,1197,-1
1207,813,1
1207,628,0
1207,269,-1
1207,1158,-1
1208,1330,-1
1208,1358,-1
1208,699,0
1208,365,1
1208,508,0
1208,81,-1
1208,1222,1
1208,619,1
1208,1143,-1
1209,1151,1
1209,950,1
1209,339,1
1209,509,0
1209,1065,-1
1209,302,1
1209,1052,1
1210,880,1
1210,211,-1
1210,697,-1
1210,464,1
1210,449,1
1211,319,-1
1211,1190,1
1211,362,-1
1211,483,-1
1211,481,1
1211,969,1
1212,1124,-1
1212,427,1
1212,511,1
1212,247,1
1212,866,1
1212,1301,0
1212,520,1
1212,1082,1
1213,1076,0
1213,1418,1
1213,257,-1
1213,822,1
1213,1290,0
1213,585,1
1214,1125,1
1214,242,-1
1214,214,1
1214,780,-1
1214,970,1
1214,1085,-1
1215,367,1
1215,700,1
1215,1219,1
1215,1364,-1
1215,515,-1
1215,701,1
1216,603,-1
1216,993,1
1216,612,0
1216,794,0
1217,1186,0
1217,692,-1
1217,1196,0
1217,253,1
1218,1325,1
1218,1291,-1
1218,948,1
1218,998,0
1218,1286,-1
1218,1109,-1
1218,1397,-1
1218,723,-1
1218,1009,1
1218,227,-1
1218,859,0
1219,149,1
1219,1004,0
1219,485,-1
1219,413,1
1219,794,0
1219,322,-1
1219,354,1
1219,558,-1
1220,921,1
1220,660,1
1220,172,1
1220,1106,-1
1220,338,-1
1221,503,-1
1221,1088,1
1221,1042,-1
1221,552,1
1221,684,-1
1221,642,0
1222,849,-1
1222,481,1
1222,436,1
1222,94,1
1223,924,1
1223,1030,1
1223,268,-1
1223,294,0
1223,107,0
1224,651,-1
1224,1344,-1
1224,579,-1
1224,394,1
1224,35,1
1225,286,0
1225,1400,-1
1225,1118,1
1225,875,-1
1225,251,1
1225,923,-1
1225,154,1
1225,608,1
1225,1256,0
1226,678,-1
1226,617,1
1226,260,-1
1226,498,-1
1226,37,1
1226,36,1
1226,883,-1
1227,464,1
1227,1345,0
1227,399,-1
1227,709,0
1227,1123,-1
1227,1277,1
1227,55,-1
1227,1320,1
1227,280,0
1228,1095,-1
1228,101,-1
1228,1088,1
1228,70,1
1228,68,1
1228,810,-1
1228,35,1
1228,518,1
1228,927,-1
1228,1369,-1
1229,241,1
1229,539,0
1229,307,-1
1229,1129,1
1229,737,1
1229,32,1
1230,1124,-1
1230,452,1
1230,400,1
1230,979,-1
1230,1344,-1
1230,493,1
1231,1004,0
1231,223,-1
1231,838,1
1231,519,1
1231,647,1
1231,946,-1
1231,954,-1
1232,428,1
1232,1180,1
1232,1374,-1
1232,1289,1
1232,1368,1
1233,1338,1
1233,316,-1
1233,353,0
1233,32,1
1234,14,0
1234,117,-1
1234,691,-1
1234,194,1
1235,763,-1
1235,1146,1
1235,1160,1
1235,1356,-1
1235,717,1
1235,382,-1
1236,262,1
1236,104,1
1236,534,1
1236,641,0
1236,649,1
1236,749,-1
1236,157,1
1236,550,-1
1236,236,0
1237,206,-1
1237,1391,1
1237,911,1
1237,1267,-1
1237,158,1
1237,925,1
1237,1062,0
1237,1013,1
1238,358,1
1238,199,1
1238,1125,1
1238,1229,1
1238,980,-1
1238,1237,0
1238,1012,0
1238,449,1
1239,538,-1
1239,146,1
1239,963,0
1239,937,1
1239,916,0
1239,157,1
1239,1161,-1
1240,163,1
1240,880,1
1240,852,1
1240,26,0
1240,876,1
1240,133,-1
1241,263,-1
1241,762,1
1241,137,-1
1241,1272,1
1241,261,1
1241,915,-1
1241,700,1
1242,830,-1
1242,1259,-1
1242,730,-1
1242,602,-1
1242,696,-1
1242,911,1
1242,1032,1
1243,584,1
1243,1144,1
1243,387,1
1243,472,-1
1243,1330,1
1243,571,1
1243,965,0
1243,884,-1
1243,1309,-1
1243,141,-1
1244,743,1
1244,1346,0
1244,813,1
1244,372,1
1244,485,-1
1244,1191,1
1244,829,1
1245,570,1
1245,1373,1
1245,962,-1
1245,1405,1
1246,332,1
1246,274,1
1246,1073,-1
1246,624,-1
1246,1001,1
1246,1045,-1
1246,1225,1
1246,1047,1
1247,710,-1
1247,779,-1
1247,1132,1
1247,626,-1
1247,500,1
1247,945,1
1247,4,1
1247,42,-1
1248,314,1
1248,132,1
1248,94,1
1248,1404,-1
1248,853,-1
1248,1413,-1
1248,503,-1
1248,1269,-1
1248,1162,1
1249,878,1
1249,376,1
1249,1283,1
1249,985,1
1249,1142,1
1250,119,1
1250,388,-1
1250,1121,-1
1251,1177,-1
1251,172,1
1251,1212,1
1251,67,1
1251,1117,-1
1251,190,-1
1251,88,-1
1251,966,0
1252,98,0
1252,1032,1
1252,836,1
1252,1086,0
1252,373,-1
1253,1112,1
1253,637,1
1253,1202,-1
1253,956,0
1253,683,-1
1253,226,1
1253,1258,-1
1253,744,-1
1254,719,1
1254,1382,-1
1254,113,1
1254,849,-1
1254,281,1
1254,641,0
1255,1110,1
1255,702,1
1255,970,1
1255,66,-1
1255,1205,-1
1255,937,1
1255,751,0
1255,1378,-1
1255,1055,1
1256,65,-1
1256,228,-1
1256,592,1
1256,412,-1
1256,428,1
1256,1397,-1
1257,1374,-1
1257,64,1
1257,566,1
1257,315,-1
1257,328,-1
1257,504,-1
1257,1039,0
1258,1081,-1
1258,1252,1
1258,757,1
1258,370,1
1258,1266,-1
1259,371,1
1259,40,1
1259,220,-1
1259,144,1
1260,655,0
1260,713,0
1260,1336,-1
1260,308,-1
1260,1009,1
1261,823,0
1261,409,-1
1261,734,1
1261,144,1
1261,272,0
1261,904,-1
1261,1083,0
1262,1184,-1
1262,386,1
1262,1399,0
1262,465,1
1262,551,1
1263,767,-1
1263,688,1
1263,728,1
1263,1041,-1
1263,1144,1
1263,356,1
1263,1349,-1
1264,950,1
1264,514,-1
1264,339,1
1264,1062,0
1264,465,1
1264,1394,1
1264,607,-1
1265,294,0
1265,989,1
1265,707,-1
1265,1223,-1
1265,930,0
1265,497,-1
1265,424,1
1265,816,1
1265,374,1
1266,656,0
1266,1382,-1
1266,427,1
1267,53,-1
1267,181,-1
1267,1230,0
1267,1304,0
1267,698,-1
1267,489,0
1267,465,1
1267,334,0
1268,1014,0
1268,606,1
1268,186,1
1268,661,-1
1269,290,1
1269,423,1
1269,286,0
1269,44,-1
1269,370,1
1270,630,1
1270,353,0
1270,360,1
1270,529,-1
1270,502,-1
1270,626,-1
1270,638,1
1271,161,-1
1271,1247,1
1271,875,-1
1271,192,-1
1271,775,1
1271,1317,1
1271,16,1
1272,322,-1
1272,407,1
1272,1217,-1
1272,1021,0
1272,991,-1
1272,1161,-1
1273,1009,1
1273,792,1
1273,1031,-1
1273,7,-1
1273,12,1
1273,1084,1
1274,860,-1
1274,334,0
1274,94,1
1274,695,0
1274,1187,1
1275,1150,1
1275,1240,0
1275,324,1
1275,882,1
1275,784,1
1275,1075,1
1275,1262,1
1276,1004,0
1276,410,-1
1276,506,-1
1276,652,-1
1277,580,1
1277,208,1
1277,662,0
1277,684,-1
1277,619,1
1277,483,-1
1277,234,-1
1278,648,-1
1278,263,1
1278,1361,0
1278,1416,1
1278,101,-1
1279,766,1
1279,989,1
1279,311,0
1279,272,0
1280,969,-1
1280,1386,0
1280,142,1
1281,463,1
1281,247,1
1281,910,1
1281,868,0
1281,1084,1
1281,732,-1
1282,753,-1
1282,84,-1
1282,447,1
1282,1198,1
1283,541,1
1283,353,0
1283,723,-1
1283,646,-1
1283,1413,-1
1284,277,0
1284,1284,-1
1284,1091,0
1284,1358,-1
1285,173,1
1285,619,1
1285,409,-1
1285,795,1
1286,1107,0
1286,136,-1
1286,758,-1
1286,1408,0
1286,1139,1
1286,495,0
1287,110,1
1287,1153,1
1287,924,1
1287,10,-1
1287,393,-1
1287,282,1
1287,1205,-1
1288,423,1
1288,941,0
1288,347,1
1288,659,-1
1288,845,1
1288,643,-1
1288,1097,-1
1288,564,-1
1288,1195,-1
1288,1354,1
1289,728,1
1289,245,-1
1289,487,1
1289,83,-1
1289,1247,0
1289,568,1
1289,753,-1
1289,1281,-1
1289,1164,-1
1290,1135,1
1290,811,0
1290,1404,-1
1290,1104,0
1290,484,-1
1291,209,-1
1291,1287,1
1291,367,1
1291,1417,-1
1291,1192,1
1291,994,1
1291,335,1
1292,736,-1
1292,843,0
1292,470,1
1292,1404,-1
1292,1029,1
1292,1392,-1
1292,253,1
1292,1270,1
1292,844,1
1293,918,1
1293,387,1
1293,1325,1
1293,846,-1
1293,804,-1
1293,1231,-1
1294,162,0
1294,1183,-1
1294,1193,1
1294,74,-1
1294,624,-1
1294,1296,-1
1295,307,-1
1295,840,-1
1295,1118,1
1295,941,0
1296,476,-1
1296,135,0
1296,214,1
1296,808,-1
1296,956,0
1296,1315,1
1296,1167,0
1296,914,-1
1297,1085,-1
1297,513,-1
1297,502,-1
1297,112,1
1298,254,0
1298,33,0
1298,62,-1
1298,585,1
1298,491,-1
1299,784,1
1299,1246,-1
1299,1286,-1
1299,620,0
1299,588,1
1300,389,-1
1301,243,1
1301,1282,0
1301,822,1
1301,1032,1
1302,679,1
1302,1127,1
1303,305,-1
1303,1346,0
1303,191,1
1303,355,1
1303,172,1
1303,1053,-1
1303,1185,-1
1304,906,0
1304,881,-1
1304,156,0
1304,1183,1
1304,945,1
1305,180,0
1305,532,1
1305,1344,-1
1305,295,1
1305,590,1
1305,378,0
1305,844,1
1306,1225,1
1306,777,-1
1306,102,1
1306,1133,1
1307,701,1
1307,85,-1
1307,311,0
1307,1252,1
1307,302,1
1308,993,1
1308,449,-1
1308,1018,1
1308,766,-1
1308,819,1
1308,1165,-1
1309,336,-1
1309,487,1
1309,805,-1
1309,950,-1
1309,56,1
1309,235,1
1309,141,-1
1310,21,1
1310,296,1
1310,396,-1
1310,316,-1
1310,1386,0
1310,102,1
1311,551,1
1311,718,1
1311,383,0
1311,907,-1
1311,1311,1
1311,1008,0
1312,199,1
1312,337,-1
1312,1018,1
1312,216,1
1312,67,-1
1312,1198,1
1312,153,1
1312,288,1
1313,420,1
1314,838,1
1314,217,-1
1314,981,1
1314,599,1
1314,477,0
1314,1318,0
1314,357,1
1315,526,0
1315,203,1
1315,1105,1
1315,153,1
1315,185,-1
1315,317,-1
1315,1039,0
1315,892,-1
1315,618,-1
1316,1101,-1
1316,85,-1
1316,1126,0
1316,740,0
1316,1265,0
1316,584,1
1317,503,-1
1317,560,-1
1317,397,1
1317,945,1
1317,306,1
1317,51,1
1318,93,1
1318,217,1
1318,171,-1
1318,523,0
1319,1024,1
1319,730,-1
1319,1411,1
1319,1068,-1
1320,17,1
1320,529,-1
1320,501,1
1320,22,0
1320,765,1
1321,1012,0
1321,863,-1
1321,346,-1
1321,748,0
1322,538,-1
1322,397,1
1322,212,1
1322,272,0
1322,991,-1
1322,909,-1
1322,309,-1
1323,460,-1
1323,1116,1
1323,489,0
1323,1087,-1
1323,434,1
1323,1105,1
1324,657,1
1324,1261,0
1324,813,1
1324,851,1
1324,1119,1
1324,920,-1
1325,103,1
1325,128,-1
1325,315,-1
1325,972,1
1325,911,1
1326,25,-1
1326,1051,1
1326,916,0
1326,610,0
1326,143,-1
1327,765,1
1327,267,-1
1327,210,0
1327,685,-1
1327,620,0
1328,1334,-1
1328,801,1
1328,506,-1
1328,1195,-1
1328,1354,1
1328,153,1
1328,1087,-1
1328,191,1
1329,855,1
1329,779,-1
1329,51,1
1329,248,0
1329,222,0
1329,1044,0
1330,1332,1
1330,669,-1
1330,184,1
1330,688,1
1330,861,-1
1331,1152,0
1331,548,1
1331,976,-1
1331,1423,1
1331,813,1
1331,271,1
1332,213,1
1332,739,0
1332,1067,1
1332,726,-1
1332,1410,1
1332,374,1
1332,770,-1
1333,1105,1
1333,278,-1
1333,174,0
1333,1286,-1
1333,6,1
1334,943,1
1334,1211,1
1334,946,-1
1334,1265,0
1334,27,1
1334,1197,-1
1334,444,1
1334,1383,1
1334,359,-1
1335,878,-1
1335,633,1
1335,810,-1
1335,998,0
1335,983,1
1335,731,-1
1336,559,-1
1336,812,-1
1336,858,1
1336,1350,1
1336,273,1
1336,1165,-1
1337,1365,-1
1337,871,-1
1337,1282,0
1337,934,1
1337,1220,0
1337,1127,1
1338,860,-1
1338,445,0
1338,781,1
1338,1000,1
1338,622,1
1339,457,1
1339,644,0
1339,1023,1
1339,889,-1
1339,574,1
1339,252,1
1340,1385,-1
1340,829,1
1340,425,1
1340,575,1
1340,687,0
1340,914,-1
1340,169,1
1341,855,1
1341,857,1
1341,364,1
1341,339,1
1341,870,1
1341,665,1
1341,1011,-1
1342,1218,1
1342,464,1
1342,389,-1
1342,866,1
1342,594,0
1342,834,1
1343,742,1
1343,1385,-1
1343,928,-1
1343,229,0
1343,1288,0
1343,418,1
1343,115,1
1343,763,-1
1344,561,1
1344,588,1
1344,1018,1
1344,169,1
1344,1349,-1
1344,306,1
1345,716,-1
1345,750,0
1345,425,1
1345,224,-1
1345,1244,0
1345,636,-1
1345,861,-1
1345,385,1
1345,967,-1
1345,205,-1
1346,986,1
1346,1149,1
1346,367,1
1347,198,0
1347,301,1
1347,286,0
1347,758,-1
1347,279,1
1347,1257,1
1347,273,1
1348,1310,1
1348,1342,1
1348,1126,0
1348,797,-1
1349,1127,1
1349,1292,-1
1349,625,0
1349,232,-1
1349,1320,-1
1349,1404,-1
1349,198,0
1349,39,0
1350,9,1
1350,911,1
1350,1189,1
1350,447,1
1350,711,-1
1350,887,-1
1350,405,0
1351,1409,0
1351,245,1
1351,196,1
1351,823,0
1351,610,0
1352,506,-1
1352,22,0
1352,112,1
1352,1094,0
1352,456,1
1352,522,1
1352,371,1
1352,975,-1
1353,843,0
1353,370,1
1353,653,1
1353,1161,-1
1353,613,-1
1353,1135,1
1354,226,1
1354,198,0
1354,753,-1
1354,1009,1
1354,88,-1
1354,1103,1
1354,1402,0
1355,495,0
1355,380,1
1355,1200,1
1355,654,-1
1355,788,1
1355,3,0
1356,1132,1
1356,954,-1
1356,1001,1
1356,1024,1
1356,1413,-1
1356,214,1
1356,102,1
1357,1074,1
1357,1227,1
1358,623,-1
1358,25,-1
1358,242,-1
1358,892,-1
1358,1018,1
1358,184,1
1358,10,-1
1359,738,1
1359,683,-1
1359,243,1
1359,1235,1
1359,210,0
1359,977,1
1359,454,0
1360,826,-1
1360,1417,1
1360,121,-1
1361,11,1
1361,616,-1
1361,28,-1
1361,770,-1
1361,285,-1
1361,94,1
1361,475,1
1362,299,0
1362,445,0
1362,751,0
1362,537,1
1362,898,-1
1362,1350,1
1362,500,1
1362,643,-1
1362,548,1
1363,42,-1
1363,641,0
1363,858,1
1363,843,0
1363,1086,0
1363,1158,-1
1363,242,-1
1363,708,1
1363,932,1
1364,1366,1
1364,333,-1
1364,422,1
1364,23,0
1364,621,0
1365,998,0
1365,628,0
1365,896,1
1365,281,1
1365,414,1
1366,1206,0
1366,898,-1
1366,1141,1
1367,1177,-1
1367,1074,1
1367,980,-1
1367,575,1
1367,1277,1
1367,853,1
1367,1050,1
1367,1311,1
1368,1267,-1
1368,1086,0
1368,671,1
1368,79,1
1368,1399,0
1368,334,0
1368,811,0
1368,841,0
1369,818,-1
1369,199,1
1369,159,1
1369,289,-1
1369,1210,0
1369,343,1
1370,282,1
1370,131,1
1370,541,1
1370,1169,-1
1370,451,-1
1370,135,0
1370,742,1
1370,391,-1
1370,588,1
1371,2,-1
1371,1285,-1
1371,1086,0
1372,426,1
1372,944,-1
1372,562,-1
1372,363,1
1372,266,-1
1372,494,1
1372,210,1
1373,194,1
1373,334,0
1373,1253,-1
1373,614,0
1373,1214,1
1373,481,1
1373,1043,1
1373,1113,0
1374,470,1
1374,911,1
1374,1157,0
1374,1095,-1
1374,297,0
1374,1147,-1
1375,900,0
1375,839,1
1375,740,0
1375,650,-1
1376,578,-1
1376,58,-1
1376,998,0
1376,256,-1
1376,873,0
1376,814,-1
1377,922,1
1377,1095,-1
1377,761,0
1377,495,0
1377,391,-1
1377,768,1
1377,712,-1
1377,1140,0
1377,804,-1
1377,361,1
1378,406,-1
1378,152,1
1378,1005,1
1378,1226,1
1378,1130,-1
1378,743,1
1379,920,-1
1379,1244,0
1379,1331,-1
1379,546,0
1379,473,1
1380,1216,0
1380,1040,1
1380,1103,1
1380,86,1
1380,1135,1
1380,1382,-1
1380,256,-1
1381,312,0
1381,150,0
1381,847,1
1381,524,1
1381,998,0
1381,1044,0
1381,337,-1
1381,336,1
1382,1344,1
1382,495,0
1382,283,1
1382,628,0
1383,89,-1
1383,172,1
1383,1382,-1
1383,1194,0
1383,332,1
1383,347,1
1383,1282,0
1383,154,1
1383,766,1
1383,790,0
1383,977,1
1383,410,-1
1384,286,0
1384,228,-1
1384,5,1
1384,241,1
1384,1289,1
1385,135,0
1385,448,-1
1385,1084,1
1385,1357,1
1385,1040,1
1386,511,1
1386,547,-1
1386,420,1
1387,1167,0
1387,273,1
1387,1002,0
1387,1106,-1
1387,1114,0
1387,660,1
1387,215,-1
1387,1044,0
1387,1050,1
1388,569,1
1388,24,-1
1388,1336,-1
1388,1209,1
1388,1381,-1
1388,285,-1
1389,1116,1
1389,151,-1
1389,1327,-1
1389,311,0
1389,916,0
1389,583,-1
1389,917,1
1390,896,1
1390,835,1
1390,816,1
1390,1323,-1
1391,669,-1
1391,878,-1
1391,710,-1
1391,1297,-1
1392,23,0
1392,931,0
1392,633,1
1392,981,1
1392,329,0
1393,701,1
1393,981,1
1393,75,1
1393,848,0
1393,994,1
1393,636,-1
1393,1241,1
1394,561,1
1394,1094,0
1394,264,1
1394,955,0
1394,685,-1
1394,791,-1
1394,1346,0
1395,1295,1
1395,823,0
1395,295,1
1395,97,-1
1395,671,1
1395,150,0
1396,417,1
1396,200,1
1396,137,-1
1396,1171,-1
1396,197,-1
1396,1044,0
1396,1235,1
1396,320,0
1396,3,0
1396,774,1
1396,977,1
1397,1419,-1
1397,822,1
1397,1079,0
1397,895,-1
1397,99,1
1397,911,1
1397,829,1
1398,146,1
1398,526,0
1398,281,1
1398,337,-1
1398,678,-1
1399,154,1
1399,1286,-1
1399,252,1
1399,686,1
1399,927,-1
1400,211,-1
1400,797,-1
1400,254,0
1400,476,-1
1400,1170,1
1400,396,-1
1400,522,1
1400,227,-1
1401,1231,-1
1401,1333,1
1401,1355,1
1401,987,1
1401,1276,1
1401,1156,-1
1401,855,1
1402,664,1
1402,277,0
1402,851,1
1402,565,1
1402,782,1
1402,1355,1
1403,782,1
1403,1204,1
1403,627,-1
1403,1072,1
1403,711,-1
1403,921,1
1403,786,0
1404,298,-1
1404,31,1
1405,1161,-1
1405,87,1
1405,1050,-1
1405,366,0
1405,927,-1
1405,268,-1
1405,598,0
1405,247,1
1406,815,0
1406,873,0
1406,145,1
1406,369,1
1406,689,0
1407,906,0
1407,1273,1
1407,1161,-1
1408,1133,1
1408,341,1
1408,96,1
1408,447,1
1408,70,1
1408,739,0
1408,626,-1
1408,363,-1
1409,152,1
1409,690,0
1409,285,-1
1409,177,-1
1409,207,0
1409,122,1
1409,1285,-1
1409,578,-1
1410,736,-1
1410,20,1
1410,84,-1
1410,1144,1
1410,410,-1
1411,455,1
1411,1368,1
1411,585,1
1411,774,1
1411,282,1
1411,33,0
1411,756,-1
1411,777,-1
1412,459,1
1412,1172,-1
1412,899,1
1412,7,-1
1413,463,1
1413,726,-1
1413,1330,-1
1413,256,-1
1413,703,1
1413,236,0
1413,1154,-1
1413,62,-1
1413,927,-1
1414,1275,0
1414,517,-1
1414,611,0
1414,1200,1
1414,1144,1
1415,235,1
1415,364,1
1415,1362,0
1415,933,-1
1415,813,1
1416,293,1
1416,1384,1
1416,1099,1
1416,477,0
1416,431,-1
1416,1232,1
1416,399,-1
1416,1122,1
1417,1419,-1
1417,746,-1
1417,1156,1
1417,86,1
1417,226,1
1417,581,1
1417,403,0
1418,58,-1
1418,37,1
1418,638,1
1418,76,0
1418,1107,0
1419,327,0
1419,141,-1
1419,3,0
1419,393,1
1419,849,-1
1420,1223,-1
1420,1295,1
1420,683,-1
1421,842,-1
1421,71,1
1421,172,1
1421,821,1
1421,379,-1
1421,572,-1
1422,663,0
1422,1028,-1
1422,137,-1
1422,690,0
1422,1054,1
1422,928,1
1422,217,1
1422,1155,0
1422,1328,-1
1422,385,1
1423,207,0
1423,267,-1
1423,953,-1
1423,51,1
1423,1167,0
1423,1249,1
1423,344,0
1424,1035,0
1424,1168,-1
1424,1334,-1
1424,354,1
1424,631,1
1424,969,1
